$ /home/faisal/EventMarketDB/venv/bin/python3 -B -m pytest test_a6_final_lock_1515.py test_a6_launch_freeze_1409.py test_a6_locked_rows_1476.py test_a7_runstates_1470.py test_a7_closeout_integrity_1482.py test_a7_raw_binding_1483.py --import-mode=importlib -p no:cacheprovider -q --no-header -rfE
........................................FF.F.FFFFFFFFFFFFF......FFF..... [ 73%]
..........................                                               [100%]
=================================== FAILURES ===================================
_______________________ test_the_real_run_is_the_control _______________________

tmp_path = PosixPath('/tmp/pytest-of-faisal/pytest-0/test_the_real_run_is_the_contr0')

    def test_the_real_run_is_the_control(tmp_path):
>       slots, _plan, problems = _slots(_copy(tmp_path, "control"))
                                 ^^^^^^^^^^^^^^^^^^^^^^^^^^^^^^^^^^

test_a7_runstates_1470.py:162: 
_ _ _ _ _ _ _ _ _ _ _ _ _ _ _ _ _ _ _ _ _ _ _ _ _ _ _ _ _ _ _ _ _ _ _ _ _ _ _ _ 
test_a7_runstates_1470.py:158: in _slots
    return G.effective_slots(PR.load(run))
                             ^^^^^^^^^^^^
_ _ _ _ _ _ _ _ _ _ _ _ _ _ _ _ _ _ _ _ _ _ _ _ _ _ _ _ _ _ _ _ _ _ _ _ _ _ _ _ 

run_dir = '/tmp/pytest-of-faisal/pytest-0/test_the_real_run_is_the_contr0/control'
expect_freeze_sha = None

    def load(run_dir, expect_freeze_sha=None):
        """-> the identity of ONE lawful prepared run. Raises on anything else."""
        if not run_dir or not isinstance(run_dir, str):
            raise ValueError("%s: no run was supplied" % SCHEMA)
        run_dir = os.path.abspath(run_dir)
        if not os.path.isdir(run_dir):
            raise ValueError("%s: no run directory at %s" % (SCHEMA, run_dir))
    
        plan_dir = os.path.join(run_dir, PLAN_DIRNAME)
        if not os.path.isdir(plan_dir):
            raise ValueError("%s: %s has no %s/" % (SCHEMA, run_dir, PLAN_DIRNAME))
        if not os.listdir(plan_dir):
            # AN EXISTING BUT EMPTY PLAN DIRECTORY. Checking only that the
            # directory exists accepted this, and the K-fields fallback then
            # lawfully answered from somewhere else entirely.
            raise ValueError("%s: the plan directory at %s is empty"
                             % (SCHEMA, plan_dir))
    
        manifest_path = os.path.join(plan_dir, A5_MANIFEST)
        manifest = _read_json(manifest_path, "A5 reader manifest")
        missing = [k for k in A5_REQUIRED
                   if not isinstance(manifest, dict) or k not in manifest]
        if missing:
            raise ValueError("%s: %s is not an A5 reader manifest; it has no %s"
                             % (SCHEMA, manifest_path, ", ".join(missing)))
    
        receipt_path = os.path.join(run_dir, RECEIPT)
        receipt = _read_json(receipt_path, "receipt")
        allowed = receipt.get("allowed")
        if not isinstance(allowed, list) or not allowed:
            raise ValueError("%s: %s allows no calls" % (SCHEMA, receipt_path))
    
        # THE A6 LAUNCH FREEZE, RE-DERIVED FROM THIS RUN. A recorded freeze proves
        # only that a freeze was once written; re-deriving proves it still
        # describes this run.
        # THE GUARDED LOADER, not a bare import. `a7_g1_build._a6()` already
        # refuses an `a6_launch_freeze` that resolved to another directory,
        # because that owner derives its pointer paths from its own file location
        # - a byte-identical copy elsewhere silently yields a different bound()
        # and a different every-count. A bare import here walked straight past
        # that guard and picked up a stale copy.
        import a7_g1_build as _G
        # THE SAME IMPORT CLASS (Codex SEQ 1490 item 3): a preloaded foreign
        # a7_g1_build would pass ITS OWN `_a6()` guard with its matching foreign
        # A6, so the exact-directory rule is asked here first, before it is trusted.
        _got = os.path.dirname(os.path.abspath(_G.__file__))
        if _got != _HERE:
            raise RuntimeError(
                "a7_g1_build resolved to %s, not the harness copy in %s; run from "
                "one clean harness path" % (_G.__file__, _HERE))
        A6 = _G._a6()
        frozen = A6.freeze(run_dir)
        bad = A6.problems(frozen)
        executed = _executed(run_dir)
        if executed:
            # AN EXECUTED RUN HAS SPENT SOMETHING - that is what executed means,
            # and A6 says so as a problem because A6 exists to guard a PRE-launch
            # freeze. Which problems those are is DERIVED, not named: re-ask A6
            # about the same freeze with its spend counters at zero, and the
            # problems that disappear are exactly the ones the spend caused. Any
            # problem that survives is a real mismatch and still refuses.
            import copy
            probe = copy.deepcopy(frozen)
            probe["zeros"] = dict.fromkeys(probe["zeros"], 0)
            still = set(A6.problems(probe))
            bad = [x for x in bad if x in still]
        if bad:
            raise ValueError("%s: the A6 freeze of %s does not hold: %s"
                             % (SCHEMA, run_dir, bad[:2]))
        # A6 IS THE ONLY FREEZE SERIALIZER (Codex SEQ 1517 seam 1). Hashing a
        # SECOND json rendering here gave A6 identity two owners and a hash that
        # differed from the exact bytes A6 itself writes and locks - an unpinned
        # substitution could pass one while failing the other. Hash the exact
        # A6-rendered bytes, so `a6_freeze_sha256` IS the frozen A6 document.
        #
        # A6 is a PRE-LAUNCH guard, so a completed run's live freeze differs from
        # the accepted pre-call freeze (spent zeros, grown receipt, counted ledger)
        # (Codex SEQ 1521). The identity pin is over the run's ACCEPTED pre-launch
        # view - reconstructed by A6 from the run's own evidence, a no-op before
        # execution - so a completed run remains bound to the exact accepted freeze
        # while its ledger still counts its returned calls once.
        freeze_sha = hashlib.sha256(
>           A6.render(A6.precall_view(frozen, run_dir)).encode("utf-8")).hexdigest()
                      ^^^^^^^^^^^^^^^
E       AttributeError: module 'a6_launch_freeze' has no attribute 'precall_view'

a7_prepared_run.py:135: AttributeError
_________ test_a_clean_primary_owing_no_retry_needs_no_retry_directory _________

tmp_path = PosixPath('/tmp/pytest-of-faisal/pytest-0/test_a_clean_primary_owing_no_0')

    def test_a_clean_primary_owing_no_retry_needs_no_retry_directory(tmp_path):
        """THE ORDINARY CASE, which used to raise FileNotFoundError."""
        run = _lawful_zero_retry(tmp_path, "clean")
>       slots, _plan, problems = _slots(run)
                                 ^^^^^^^^^^^

test_a7_runstates_1470.py:170: 
_ _ _ _ _ _ _ _ _ _ _ _ _ _ _ _ _ _ _ _ _ _ _ _ _ _ _ _ _ _ _ _ _ _ _ _ _ _ _ _ 
test_a7_runstates_1470.py:158: in _slots
    return G.effective_slots(PR.load(run))
                             ^^^^^^^^^^^^
_ _ _ _ _ _ _ _ _ _ _ _ _ _ _ _ _ _ _ _ _ _ _ _ _ _ _ _ _ _ _ _ _ _ _ _ _ _ _ _ 

run_dir = '/tmp/pytest-of-faisal/pytest-0/test_a_clean_primary_owing_no_0/clean'
expect_freeze_sha = None

    def load(run_dir, expect_freeze_sha=None):
        """-> the identity of ONE lawful prepared run. Raises on anything else."""
        if not run_dir or not isinstance(run_dir, str):
            raise ValueError("%s: no run was supplied" % SCHEMA)
        run_dir = os.path.abspath(run_dir)
        if not os.path.isdir(run_dir):
            raise ValueError("%s: no run directory at %s" % (SCHEMA, run_dir))
    
        plan_dir = os.path.join(run_dir, PLAN_DIRNAME)
        if not os.path.isdir(plan_dir):
            raise ValueError("%s: %s has no %s/" % (SCHEMA, run_dir, PLAN_DIRNAME))
        if not os.listdir(plan_dir):
            # AN EXISTING BUT EMPTY PLAN DIRECTORY. Checking only that the
            # directory exists accepted this, and the K-fields fallback then
            # lawfully answered from somewhere else entirely.
            raise ValueError("%s: the plan directory at %s is empty"
                             % (SCHEMA, plan_dir))
    
        manifest_path = os.path.join(plan_dir, A5_MANIFEST)
        manifest = _read_json(manifest_path, "A5 reader manifest")
        missing = [k for k in A5_REQUIRED
                   if not isinstance(manifest, dict) or k not in manifest]
        if missing:
            raise ValueError("%s: %s is not an A5 reader manifest; it has no %s"
                             % (SCHEMA, manifest_path, ", ".join(missing)))
    
        receipt_path = os.path.join(run_dir, RECEIPT)
        receipt = _read_json(receipt_path, "receipt")
        allowed = receipt.get("allowed")
        if not isinstance(allowed, list) or not allowed:
            raise ValueError("%s: %s allows no calls" % (SCHEMA, receipt_path))
    
        # THE A6 LAUNCH FREEZE, RE-DERIVED FROM THIS RUN. A recorded freeze proves
        # only that a freeze was once written; re-deriving proves it still
        # describes this run.
        # THE GUARDED LOADER, not a bare import. `a7_g1_build._a6()` already
        # refuses an `a6_launch_freeze` that resolved to another directory,
        # because that owner derives its pointer paths from its own file location
        # - a byte-identical copy elsewhere silently yields a different bound()
        # and a different every-count. A bare import here walked straight past
        # that guard and picked up a stale copy.
        import a7_g1_build as _G
        # THE SAME IMPORT CLASS (Codex SEQ 1490 item 3): a preloaded foreign
        # a7_g1_build would pass ITS OWN `_a6()` guard with its matching foreign
        # A6, so the exact-directory rule is asked here first, before it is trusted.
        _got = os.path.dirname(os.path.abspath(_G.__file__))
        if _got != _HERE:
            raise RuntimeError(
                "a7_g1_build resolved to %s, not the harness copy in %s; run from "
                "one clean harness path" % (_G.__file__, _HERE))
        A6 = _G._a6()
        frozen = A6.freeze(run_dir)
        bad = A6.problems(frozen)
        executed = _executed(run_dir)
        if executed:
            # AN EXECUTED RUN HAS SPENT SOMETHING - that is what executed means,
            # and A6 says so as a problem because A6 exists to guard a PRE-launch
            # freeze. Which problems those are is DERIVED, not named: re-ask A6
            # about the same freeze with its spend counters at zero, and the
            # problems that disappear are exactly the ones the spend caused. Any
            # problem that survives is a real mismatch and still refuses.
            import copy
            probe = copy.deepcopy(frozen)
            probe["zeros"] = dict.fromkeys(probe["zeros"], 0)
            still = set(A6.problems(probe))
            bad = [x for x in bad if x in still]
        if bad:
            raise ValueError("%s: the A6 freeze of %s does not hold: %s"
                             % (SCHEMA, run_dir, bad[:2]))
        # A6 IS THE ONLY FREEZE SERIALIZER (Codex SEQ 1517 seam 1). Hashing a
        # SECOND json rendering here gave A6 identity two owners and a hash that
        # differed from the exact bytes A6 itself writes and locks - an unpinned
        # substitution could pass one while failing the other. Hash the exact
        # A6-rendered bytes, so `a6_freeze_sha256` IS the frozen A6 document.
        #
        # A6 is a PRE-LAUNCH guard, so a completed run's live freeze differs from
        # the accepted pre-call freeze (spent zeros, grown receipt, counted ledger)
        # (Codex SEQ 1521). The identity pin is over the run's ACCEPTED pre-launch
        # view - reconstructed by A6 from the run's own evidence, a no-op before
        # execution - so a completed run remains bound to the exact accepted freeze
        # while its ledger still counts its returned calls once.
        freeze_sha = hashlib.sha256(
>           A6.render(A6.precall_view(frozen, run_dir)).encode("utf-8")).hexdigest()
                      ^^^^^^^^^^^^^^^
E       AttributeError: module 'a6_launch_freeze' has no attribute 'precall_view'

a7_prepared_run.py:135: AttributeError
___________ test_an_owed_retry_that_is_not_finalized_is_a_NAMED_wait ___________

tmp_path = PosixPath('/tmp/pytest-of-faisal/pytest-0/test_an_owed_retry_that_is_not0')

    def test_an_owed_retry_that_is_not_finalized_is_a_NAMED_wait(tmp_path):
        run = _copy(tmp_path, "owed")
        os.remove(os.path.join(run, "retry", "finalization.json"))
>       _slots_out, _plan, problems = _slots(run)
                                      ^^^^^^^^^^^

test_a7_runstates_1470.py:195: 
_ _ _ _ _ _ _ _ _ _ _ _ _ _ _ _ _ _ _ _ _ _ _ _ _ _ _ _ _ _ _ _ _ _ _ _ _ _ _ _ 
test_a7_runstates_1470.py:158: in _slots
    return G.effective_slots(PR.load(run))
                             ^^^^^^^^^^^^
_ _ _ _ _ _ _ _ _ _ _ _ _ _ _ _ _ _ _ _ _ _ _ _ _ _ _ _ _ _ _ _ _ _ _ _ _ _ _ _ 

run_dir = '/tmp/pytest-of-faisal/pytest-0/test_an_owed_retry_that_is_not0/owed'
expect_freeze_sha = None

    def load(run_dir, expect_freeze_sha=None):
        """-> the identity of ONE lawful prepared run. Raises on anything else."""
        if not run_dir or not isinstance(run_dir, str):
            raise ValueError("%s: no run was supplied" % SCHEMA)
        run_dir = os.path.abspath(run_dir)
        if not os.path.isdir(run_dir):
            raise ValueError("%s: no run directory at %s" % (SCHEMA, run_dir))
    
        plan_dir = os.path.join(run_dir, PLAN_DIRNAME)
        if not os.path.isdir(plan_dir):
            raise ValueError("%s: %s has no %s/" % (SCHEMA, run_dir, PLAN_DIRNAME))
        if not os.listdir(plan_dir):
            # AN EXISTING BUT EMPTY PLAN DIRECTORY. Checking only that the
            # directory exists accepted this, and the K-fields fallback then
            # lawfully answered from somewhere else entirely.
            raise ValueError("%s: the plan directory at %s is empty"
                             % (SCHEMA, plan_dir))
    
        manifest_path = os.path.join(plan_dir, A5_MANIFEST)
        manifest = _read_json(manifest_path, "A5 reader manifest")
        missing = [k for k in A5_REQUIRED
                   if not isinstance(manifest, dict) or k not in manifest]
        if missing:
            raise ValueError("%s: %s is not an A5 reader manifest; it has no %s"
                             % (SCHEMA, manifest_path, ", ".join(missing)))
    
        receipt_path = os.path.join(run_dir, RECEIPT)
        receipt = _read_json(receipt_path, "receipt")
        allowed = receipt.get("allowed")
        if not isinstance(allowed, list) or not allowed:
            raise ValueError("%s: %s allows no calls" % (SCHEMA, receipt_path))
    
        # THE A6 LAUNCH FREEZE, RE-DERIVED FROM THIS RUN. A recorded freeze proves
        # only that a freeze was once written; re-deriving proves it still
        # describes this run.
        # THE GUARDED LOADER, not a bare import. `a7_g1_build._a6()` already
        # refuses an `a6_launch_freeze` that resolved to another directory,
        # because that owner derives its pointer paths from its own file location
        # - a byte-identical copy elsewhere silently yields a different bound()
        # and a different every-count. A bare import here walked straight past
        # that guard and picked up a stale copy.
        import a7_g1_build as _G
        # THE SAME IMPORT CLASS (Codex SEQ 1490 item 3): a preloaded foreign
        # a7_g1_build would pass ITS OWN `_a6()` guard with its matching foreign
        # A6, so the exact-directory rule is asked here first, before it is trusted.
        _got = os.path.dirname(os.path.abspath(_G.__file__))
        if _got != _HERE:
            raise RuntimeError(
                "a7_g1_build resolved to %s, not the harness copy in %s; run from "
                "one clean harness path" % (_G.__file__, _HERE))
        A6 = _G._a6()
        frozen = A6.freeze(run_dir)
        bad = A6.problems(frozen)
        executed = _executed(run_dir)
        if executed:
            # AN EXECUTED RUN HAS SPENT SOMETHING - that is what executed means,
            # and A6 says so as a problem because A6 exists to guard a PRE-launch
            # freeze. Which problems those are is DERIVED, not named: re-ask A6
            # about the same freeze with its spend counters at zero, and the
            # problems that disappear are exactly the ones the spend caused. Any
            # problem that survives is a real mismatch and still refuses.
            import copy
            probe = copy.deepcopy(frozen)
            probe["zeros"] = dict.fromkeys(probe["zeros"], 0)
            still = set(A6.problems(probe))
            bad = [x for x in bad if x in still]
        if bad:
            raise ValueError("%s: the A6 freeze of %s does not hold: %s"
                             % (SCHEMA, run_dir, bad[:2]))
        # A6 IS THE ONLY FREEZE SERIALIZER (Codex SEQ 1517 seam 1). Hashing a
        # SECOND json rendering here gave A6 identity two owners and a hash that
        # differed from the exact bytes A6 itself writes and locks - an unpinned
        # substitution could pass one while failing the other. Hash the exact
        # A6-rendered bytes, so `a6_freeze_sha256` IS the frozen A6 document.
        #
        # A6 is a PRE-LAUNCH guard, so a completed run's live freeze differs from
        # the accepted pre-call freeze (spent zeros, grown receipt, counted ledger)
        # (Codex SEQ 1521). The identity pin is over the run's ACCEPTED pre-launch
        # view - reconstructed by A6 from the run's own evidence, a no-op before
        # execution - so a completed run remains bound to the exact accepted freeze
        # while its ledger still counts its returned calls once.
        freeze_sha = hashlib.sha256(
>           A6.render(A6.precall_view(frozen, run_dir)).encode("utf-8")).hexdigest()
                      ^^^^^^^^^^^^^^^
E       AttributeError: module 'a6_launch_freeze' has no attribute 'precall_view'

a7_prepared_run.py:135: AttributeError
______ test_a_completed_retry_keeps_BOTH_attempts_and_selects_the_second _______

tmp_path = PosixPath('/tmp/pytest-of-faisal/pytest-0/test_a_completed_retry_keeps_B0')

    def test_a_completed_retry_keeps_BOTH_attempts_and_selects_the_second(tmp_path):
        run = _copy(tmp_path, "retried")
>       arms, meta, problems = G.materialize(PR.load(run))
                                             ^^^^^^^^^^^^

test_a7_runstates_1470.py:224: 
_ _ _ _ _ _ _ _ _ _ _ _ _ _ _ _ _ _ _ _ _ _ _ _ _ _ _ _ _ _ _ _ _ _ _ _ _ _ _ _ 

run_dir = '/tmp/pytest-of-faisal/pytest-0/test_a_completed_retry_keeps_B0/retried'
expect_freeze_sha = None

    def load(run_dir, expect_freeze_sha=None):
        """-> the identity of ONE lawful prepared run. Raises on anything else."""
        if not run_dir or not isinstance(run_dir, str):
            raise ValueError("%s: no run was supplied" % SCHEMA)
        run_dir = os.path.abspath(run_dir)
        if not os.path.isdir(run_dir):
            raise ValueError("%s: no run directory at %s" % (SCHEMA, run_dir))
    
        plan_dir = os.path.join(run_dir, PLAN_DIRNAME)
        if not os.path.isdir(plan_dir):
            raise ValueError("%s: %s has no %s/" % (SCHEMA, run_dir, PLAN_DIRNAME))
        if not os.listdir(plan_dir):
            # AN EXISTING BUT EMPTY PLAN DIRECTORY. Checking only that the
            # directory exists accepted this, and the K-fields fallback then
            # lawfully answered from somewhere else entirely.
            raise ValueError("%s: the plan directory at %s is empty"
                             % (SCHEMA, plan_dir))
    
        manifest_path = os.path.join(plan_dir, A5_MANIFEST)
        manifest = _read_json(manifest_path, "A5 reader manifest")
        missing = [k for k in A5_REQUIRED
                   if not isinstance(manifest, dict) or k not in manifest]
        if missing:
            raise ValueError("%s: %s is not an A5 reader manifest; it has no %s"
                             % (SCHEMA, manifest_path, ", ".join(missing)))
    
        receipt_path = os.path.join(run_dir, RECEIPT)
        receipt = _read_json(receipt_path, "receipt")
        allowed = receipt.get("allowed")
        if not isinstance(allowed, list) or not allowed:
            raise ValueError("%s: %s allows no calls" % (SCHEMA, receipt_path))
    
        # THE A6 LAUNCH FREEZE, RE-DERIVED FROM THIS RUN. A recorded freeze proves
        # only that a freeze was once written; re-deriving proves it still
        # describes this run.
        # THE GUARDED LOADER, not a bare import. `a7_g1_build._a6()` already
        # refuses an `a6_launch_freeze` that resolved to another directory,
        # because that owner derives its pointer paths from its own file location
        # - a byte-identical copy elsewhere silently yields a different bound()
        # and a different every-count. A bare import here walked straight past
        # that guard and picked up a stale copy.
        import a7_g1_build as _G
        # THE SAME IMPORT CLASS (Codex SEQ 1490 item 3): a preloaded foreign
        # a7_g1_build would pass ITS OWN `_a6()` guard with its matching foreign
        # A6, so the exact-directory rule is asked here first, before it is trusted.
        _got = os.path.dirname(os.path.abspath(_G.__file__))
        if _got != _HERE:
            raise RuntimeError(
                "a7_g1_build resolved to %s, not the harness copy in %s; run from "
                "one clean harness path" % (_G.__file__, _HERE))
        A6 = _G._a6()
        frozen = A6.freeze(run_dir)
        bad = A6.problems(frozen)
        executed = _executed(run_dir)
        if executed:
            # AN EXECUTED RUN HAS SPENT SOMETHING - that is what executed means,
            # and A6 says so as a problem because A6 exists to guard a PRE-launch
            # freeze. Which problems those are is DERIVED, not named: re-ask A6
            # about the same freeze with its spend counters at zero, and the
            # problems that disappear are exactly the ones the spend caused. Any
            # problem that survives is a real mismatch and still refuses.
            import copy
            probe = copy.deepcopy(frozen)
            probe["zeros"] = dict.fromkeys(probe["zeros"], 0)
            still = set(A6.problems(probe))
            bad = [x for x in bad if x in still]
        if bad:
            raise ValueError("%s: the A6 freeze of %s does not hold: %s"
                             % (SCHEMA, run_dir, bad[:2]))
        # A6 IS THE ONLY FREEZE SERIALIZER (Codex SEQ 1517 seam 1). Hashing a
        # SECOND json rendering here gave A6 identity two owners and a hash that
        # differed from the exact bytes A6 itself writes and locks - an unpinned
        # substitution could pass one while failing the other. Hash the exact
        # A6-rendered bytes, so `a6_freeze_sha256` IS the frozen A6 document.
        #
        # A6 is a PRE-LAUNCH guard, so a completed run's live freeze differs from
        # the accepted pre-call freeze (spent zeros, grown receipt, counted ledger)
        # (Codex SEQ 1521). The identity pin is over the run's ACCEPTED pre-launch
        # view - reconstructed by A6 from the run's own evidence, a no-op before
        # execution - so a completed run remains bound to the exact accepted freeze
        # while its ledger still counts its returned calls once.
        freeze_sha = hashlib.sha256(
>           A6.render(A6.precall_view(frozen, run_dir)).encode("utf-8")).hexdigest()
                      ^^^^^^^^^^^^^^^
E       AttributeError: module 'a6_launch_freeze' has no attribute 'precall_view'

a7_prepared_run.py:135: AttributeError
___________ test_saved_answers_without_a_primary_finalization_REFUSE ___________

tmp_path = PosixPath('/tmp/pytest-of-faisal/pytest-0/test_saved_answers_without_a_p0')

    def test_saved_answers_without_a_primary_finalization_REFUSE(tmp_path):
        run = _copy(tmp_path, "nofinal")
        os.remove(os.path.join(run, "finalization.json"))
        with pytest.raises(ValueError) as exc:
>           PR.load(run)

test_a7_runstates_1470.py:238: 
_ _ _ _ _ _ _ _ _ _ _ _ _ _ _ _ _ _ _ _ _ _ _ _ _ _ _ _ _ _ _ _ _ _ _ _ _ _ _ _ 

run_dir = '/tmp/pytest-of-faisal/pytest-0/test_saved_answers_without_a_p0/nofinal'
expect_freeze_sha = None

    def load(run_dir, expect_freeze_sha=None):
        """-> the identity of ONE lawful prepared run. Raises on anything else."""
        if not run_dir or not isinstance(run_dir, str):
            raise ValueError("%s: no run was supplied" % SCHEMA)
        run_dir = os.path.abspath(run_dir)
        if not os.path.isdir(run_dir):
            raise ValueError("%s: no run directory at %s" % (SCHEMA, run_dir))
    
        plan_dir = os.path.join(run_dir, PLAN_DIRNAME)
        if not os.path.isdir(plan_dir):
            raise ValueError("%s: %s has no %s/" % (SCHEMA, run_dir, PLAN_DIRNAME))
        if not os.listdir(plan_dir):
            # AN EXISTING BUT EMPTY PLAN DIRECTORY. Checking only that the
            # directory exists accepted this, and the K-fields fallback then
            # lawfully answered from somewhere else entirely.
            raise ValueError("%s: the plan directory at %s is empty"
                             % (SCHEMA, plan_dir))
    
        manifest_path = os.path.join(plan_dir, A5_MANIFEST)
        manifest = _read_json(manifest_path, "A5 reader manifest")
        missing = [k for k in A5_REQUIRED
                   if not isinstance(manifest, dict) or k not in manifest]
        if missing:
            raise ValueError("%s: %s is not an A5 reader manifest; it has no %s"
                             % (SCHEMA, manifest_path, ", ".join(missing)))
    
        receipt_path = os.path.join(run_dir, RECEIPT)
        receipt = _read_json(receipt_path, "receipt")
        allowed = receipt.get("allowed")
        if not isinstance(allowed, list) or not allowed:
            raise ValueError("%s: %s allows no calls" % (SCHEMA, receipt_path))
    
        # THE A6 LAUNCH FREEZE, RE-DERIVED FROM THIS RUN. A recorded freeze proves
        # only that a freeze was once written; re-deriving proves it still
        # describes this run.
        # THE GUARDED LOADER, not a bare import. `a7_g1_build._a6()` already
        # refuses an `a6_launch_freeze` that resolved to another directory,
        # because that owner derives its pointer paths from its own file location
        # - a byte-identical copy elsewhere silently yields a different bound()
        # and a different every-count. A bare import here walked straight past
        # that guard and picked up a stale copy.
        import a7_g1_build as _G
        # THE SAME IMPORT CLASS (Codex SEQ 1490 item 3): a preloaded foreign
        # a7_g1_build would pass ITS OWN `_a6()` guard with its matching foreign
        # A6, so the exact-directory rule is asked here first, before it is trusted.
        _got = os.path.dirname(os.path.abspath(_G.__file__))
        if _got != _HERE:
            raise RuntimeError(
                "a7_g1_build resolved to %s, not the harness copy in %s; run from "
                "one clean harness path" % (_G.__file__, _HERE))
        A6 = _G._a6()
        frozen = A6.freeze(run_dir)
        bad = A6.problems(frozen)
        executed = _executed(run_dir)
        if executed:
            # AN EXECUTED RUN HAS SPENT SOMETHING - that is what executed means,
            # and A6 says so as a problem because A6 exists to guard a PRE-launch
            # freeze. Which problems those are is DERIVED, not named: re-ask A6
            # about the same freeze with its spend counters at zero, and the
            # problems that disappear are exactly the ones the spend caused. Any
            # problem that survives is a real mismatch and still refuses.
            import copy
            probe = copy.deepcopy(frozen)
            probe["zeros"] = dict.fromkeys(probe["zeros"], 0)
            still = set(A6.problems(probe))
            bad = [x for x in bad if x in still]
        if bad:
            raise ValueError("%s: the A6 freeze of %s does not hold: %s"
                             % (SCHEMA, run_dir, bad[:2]))
        # A6 IS THE ONLY FREEZE SERIALIZER (Codex SEQ 1517 seam 1). Hashing a
        # SECOND json rendering here gave A6 identity two owners and a hash that
        # differed from the exact bytes A6 itself writes and locks - an unpinned
        # substitution could pass one while failing the other. Hash the exact
        # A6-rendered bytes, so `a6_freeze_sha256` IS the frozen A6 document.
        #
        # A6 is a PRE-LAUNCH guard, so a completed run's live freeze differs from
        # the accepted pre-call freeze (spent zeros, grown receipt, counted ledger)
        # (Codex SEQ 1521). The identity pin is over the run's ACCEPTED pre-launch
        # view - reconstructed by A6 from the run's own evidence, a no-op before
        # execution - so a completed run remains bound to the exact accepted freeze
        # while its ledger still counts its returned calls once.
        freeze_sha = hashlib.sha256(
>           A6.render(A6.precall_view(frozen, run_dir)).encode("utf-8")).hexdigest()
                      ^^^^^^^^^^^^^^^
E       AttributeError: module 'a6_launch_freeze' has no attribute 'precall_view'

a7_prepared_run.py:135: AttributeError
______________ test_freeze_needs_no_retry_file_when_none_is_owed _______________

tmp_path = PosixPath('/tmp/pytest-of-faisal/pytest-0/test_freeze_needs_no_retry_fil0')

    def test_freeze_needs_no_retry_file_when_none_is_owed(tmp_path):
        """`freeze` read the retry ledger unconditionally too."""
        run = _lawful_zero_retry(tmp_path, "freezeclean")
>       doc, _prompts, problems = G.freeze(PR.load(run))
                                           ^^^^^^^^^^^^

test_a7_runstates_1470.py:245: 
_ _ _ _ _ _ _ _ _ _ _ _ _ _ _ _ _ _ _ _ _ _ _ _ _ _ _ _ _ _ _ _ _ _ _ _ _ _ _ _ 

run_dir = '/tmp/pytest-of-faisal/pytest-0/test_freeze_needs_no_retry_fil0/freezeclean'
expect_freeze_sha = None

    def load(run_dir, expect_freeze_sha=None):
        """-> the identity of ONE lawful prepared run. Raises on anything else."""
        if not run_dir or not isinstance(run_dir, str):
            raise ValueError("%s: no run was supplied" % SCHEMA)
        run_dir = os.path.abspath(run_dir)
        if not os.path.isdir(run_dir):
            raise ValueError("%s: no run directory at %s" % (SCHEMA, run_dir))
    
        plan_dir = os.path.join(run_dir, PLAN_DIRNAME)
        if not os.path.isdir(plan_dir):
            raise ValueError("%s: %s has no %s/" % (SCHEMA, run_dir, PLAN_DIRNAME))
        if not os.listdir(plan_dir):
            # AN EXISTING BUT EMPTY PLAN DIRECTORY. Checking only that the
            # directory exists accepted this, and the K-fields fallback then
            # lawfully answered from somewhere else entirely.
            raise ValueError("%s: the plan directory at %s is empty"
                             % (SCHEMA, plan_dir))
    
        manifest_path = os.path.join(plan_dir, A5_MANIFEST)
        manifest = _read_json(manifest_path, "A5 reader manifest")
        missing = [k for k in A5_REQUIRED
                   if not isinstance(manifest, dict) or k not in manifest]
        if missing:
            raise ValueError("%s: %s is not an A5 reader manifest; it has no %s"
                             % (SCHEMA, manifest_path, ", ".join(missing)))
    
        receipt_path = os.path.join(run_dir, RECEIPT)
        receipt = _read_json(receipt_path, "receipt")
        allowed = receipt.get("allowed")
        if not isinstance(allowed, list) or not allowed:
            raise ValueError("%s: %s allows no calls" % (SCHEMA, receipt_path))
    
        # THE A6 LAUNCH FREEZE, RE-DERIVED FROM THIS RUN. A recorded freeze proves
        # only that a freeze was once written; re-deriving proves it still
        # describes this run.
        # THE GUARDED LOADER, not a bare import. `a7_g1_build._a6()` already
        # refuses an `a6_launch_freeze` that resolved to another directory,
        # because that owner derives its pointer paths from its own file location
        # - a byte-identical copy elsewhere silently yields a different bound()
        # and a different every-count. A bare import here walked straight past
        # that guard and picked up a stale copy.
        import a7_g1_build as _G
        # THE SAME IMPORT CLASS (Codex SEQ 1490 item 3): a preloaded foreign
        # a7_g1_build would pass ITS OWN `_a6()` guard with its matching foreign
        # A6, so the exact-directory rule is asked here first, before it is trusted.
        _got = os.path.dirname(os.path.abspath(_G.__file__))
        if _got != _HERE:
            raise RuntimeError(
                "a7_g1_build resolved to %s, not the harness copy in %s; run from "
                "one clean harness path" % (_G.__file__, _HERE))
        A6 = _G._a6()
        frozen = A6.freeze(run_dir)
        bad = A6.problems(frozen)
        executed = _executed(run_dir)
        if executed:
            # AN EXECUTED RUN HAS SPENT SOMETHING - that is what executed means,
            # and A6 says so as a problem because A6 exists to guard a PRE-launch
            # freeze. Which problems those are is DERIVED, not named: re-ask A6
            # about the same freeze with its spend counters at zero, and the
            # problems that disappear are exactly the ones the spend caused. Any
            # problem that survives is a real mismatch and still refuses.
            import copy
            probe = copy.deepcopy(frozen)
            probe["zeros"] = dict.fromkeys(probe["zeros"], 0)
            still = set(A6.problems(probe))
            bad = [x for x in bad if x in still]
        if bad:
            raise ValueError("%s: the A6 freeze of %s does not hold: %s"
                             % (SCHEMA, run_dir, bad[:2]))
        # A6 IS THE ONLY FREEZE SERIALIZER (Codex SEQ 1517 seam 1). Hashing a
        # SECOND json rendering here gave A6 identity two owners and a hash that
        # differed from the exact bytes A6 itself writes and locks - an unpinned
        # substitution could pass one while failing the other. Hash the exact
        # A6-rendered bytes, so `a6_freeze_sha256` IS the frozen A6 document.
        #
        # A6 is a PRE-LAUNCH guard, so a completed run's live freeze differs from
        # the accepted pre-call freeze (spent zeros, grown receipt, counted ledger)
        # (Codex SEQ 1521). The identity pin is over the run's ACCEPTED pre-launch
        # view - reconstructed by A6 from the run's own evidence, a no-op before
        # execution - so a completed run remains bound to the exact accepted freeze
        # while its ledger still counts its returned calls once.
        freeze_sha = hashlib.sha256(
>           A6.render(A6.precall_view(frozen, run_dir)).encode("utf-8")).hexdigest()
                      ^^^^^^^^^^^^^^^
E       AttributeError: module 'a6_launch_freeze' has no attribute 'precall_view'

a7_prepared_run.py:135: AttributeError
_________ test_one_mutation_of_the_primary_finalization_REFUSES[retry] _________

mutate = <function _mutate_retry at 0x7f9b6571ce00>
tmp_path = PosixPath('/tmp/pytest-of-faisal/pytest-0/test_one_mutation_of_the_prima0')

    @pytest.mark.parametrize("mutate", [
        _mutate_retry, _mutate_classification, _mutate_validity, _mutate_ledger,
        _mutate_identity, _mutate_receipt_binding, _mutate_attempt,
    ], ids=["retry", "classification", "validity", "ledger", "identity",
            "receipt-binding", "attempt-shape"])
    def test_one_mutation_of_the_primary_finalization_REFUSES(mutate, tmp_path):
        """From the LAWFUL positive, change exactly one thing.
    
        The consumer used to only HASH these files, so every one of these
        contradictions was accepted and an answer was then selected from a run
        that disagrees with itself (Codex SEQ 1471 item 2).
        """
        run = _lawful_zero_retry(tmp_path, "mut_" + mutate.__name__)
>       assert PR.load(run), "the control must load before it is mutated"
               ^^^^^^^^^^^^

test_a7_runstates_1470.py:294: 
_ _ _ _ _ _ _ _ _ _ _ _ _ _ _ _ _ _ _ _ _ _ _ _ _ _ _ _ _ _ _ _ _ _ _ _ _ _ _ _ 

run_dir = '/tmp/pytest-of-faisal/pytest-0/test_one_mutation_of_the_prima0/mut__mutate_retry'
expect_freeze_sha = None

    def load(run_dir, expect_freeze_sha=None):
        """-> the identity of ONE lawful prepared run. Raises on anything else."""
        if not run_dir or not isinstance(run_dir, str):
            raise ValueError("%s: no run was supplied" % SCHEMA)
        run_dir = os.path.abspath(run_dir)
        if not os.path.isdir(run_dir):
            raise ValueError("%s: no run directory at %s" % (SCHEMA, run_dir))
    
        plan_dir = os.path.join(run_dir, PLAN_DIRNAME)
        if not os.path.isdir(plan_dir):
            raise ValueError("%s: %s has no %s/" % (SCHEMA, run_dir, PLAN_DIRNAME))
        if not os.listdir(plan_dir):
            # AN EXISTING BUT EMPTY PLAN DIRECTORY. Checking only that the
            # directory exists accepted this, and the K-fields fallback then
            # lawfully answered from somewhere else entirely.
            raise ValueError("%s: the plan directory at %s is empty"
                             % (SCHEMA, plan_dir))
    
        manifest_path = os.path.join(plan_dir, A5_MANIFEST)
        manifest = _read_json(manifest_path, "A5 reader manifest")
        missing = [k for k in A5_REQUIRED
                   if not isinstance(manifest, dict) or k not in manifest]
        if missing:
            raise ValueError("%s: %s is not an A5 reader manifest; it has no %s"
                             % (SCHEMA, manifest_path, ", ".join(missing)))
    
        receipt_path = os.path.join(run_dir, RECEIPT)
        receipt = _read_json(receipt_path, "receipt")
        allowed = receipt.get("allowed")
        if not isinstance(allowed, list) or not allowed:
            raise ValueError("%s: %s allows no calls" % (SCHEMA, receipt_path))
    
        # THE A6 LAUNCH FREEZE, RE-DERIVED FROM THIS RUN. A recorded freeze proves
        # only that a freeze was once written; re-deriving proves it still
        # describes this run.
        # THE GUARDED LOADER, not a bare import. `a7_g1_build._a6()` already
        # refuses an `a6_launch_freeze` that resolved to another directory,
        # because that owner derives its pointer paths from its own file location
        # - a byte-identical copy elsewhere silently yields a different bound()
        # and a different every-count. A bare import here walked straight past
        # that guard and picked up a stale copy.
        import a7_g1_build as _G
        # THE SAME IMPORT CLASS (Codex SEQ 1490 item 3): a preloaded foreign
        # a7_g1_build would pass ITS OWN `_a6()` guard with its matching foreign
        # A6, so the exact-directory rule is asked here first, before it is trusted.
        _got = os.path.dirname(os.path.abspath(_G.__file__))
        if _got != _HERE:
            raise RuntimeError(
                "a7_g1_build resolved to %s, not the harness copy in %s; run from "
                "one clean harness path" % (_G.__file__, _HERE))
        A6 = _G._a6()
        frozen = A6.freeze(run_dir)
        bad = A6.problems(frozen)
        executed = _executed(run_dir)
        if executed:
            # AN EXECUTED RUN HAS SPENT SOMETHING - that is what executed means,
            # and A6 says so as a problem because A6 exists to guard a PRE-launch
            # freeze. Which problems those are is DERIVED, not named: re-ask A6
            # about the same freeze with its spend counters at zero, and the
            # problems that disappear are exactly the ones the spend caused. Any
            # problem that survives is a real mismatch and still refuses.
            import copy
            probe = copy.deepcopy(frozen)
            probe["zeros"] = dict.fromkeys(probe["zeros"], 0)
            still = set(A6.problems(probe))
            bad = [x for x in bad if x in still]
        if bad:
            raise ValueError("%s: the A6 freeze of %s does not hold: %s"
                             % (SCHEMA, run_dir, bad[:2]))
        # A6 IS THE ONLY FREEZE SERIALIZER (Codex SEQ 1517 seam 1). Hashing a
        # SECOND json rendering here gave A6 identity two owners and a hash that
        # differed from the exact bytes A6 itself writes and locks - an unpinned
        # substitution could pass one while failing the other. Hash the exact
        # A6-rendered bytes, so `a6_freeze_sha256` IS the frozen A6 document.
        #
        # A6 is a PRE-LAUNCH guard, so a completed run's live freeze differs from
        # the accepted pre-call freeze (spent zeros, grown receipt, counted ledger)
        # (Codex SEQ 1521). The identity pin is over the run's ACCEPTED pre-launch
        # view - reconstructed by A6 from the run's own evidence, a no-op before
        # execution - so a completed run remains bound to the exact accepted freeze
        # while its ledger still counts its returned calls once.
        freeze_sha = hashlib.sha256(
>           A6.render(A6.precall_view(frozen, run_dir)).encode("utf-8")).hexdigest()
                      ^^^^^^^^^^^^^^^
E       AttributeError: module 'a6_launch_freeze' has no attribute 'precall_view'

a7_prepared_run.py:135: AttributeError
____ test_one_mutation_of_the_primary_finalization_REFUSES[classification] _____

mutate = <function _mutate_classification at 0x7f9b6571cea0>
tmp_path = PosixPath('/tmp/pytest-of-faisal/pytest-0/test_one_mutation_of_the_prima1')

    @pytest.mark.parametrize("mutate", [
        _mutate_retry, _mutate_classification, _mutate_validity, _mutate_ledger,
        _mutate_identity, _mutate_receipt_binding, _mutate_attempt,
    ], ids=["retry", "classification", "validity", "ledger", "identity",
            "receipt-binding", "attempt-shape"])
    def test_one_mutation_of_the_primary_finalization_REFUSES(mutate, tmp_path):
        """From the LAWFUL positive, change exactly one thing.
    
        The consumer used to only HASH these files, so every one of these
        contradictions was accepted and an answer was then selected from a run
        that disagrees with itself (Codex SEQ 1471 item 2).
        """
        run = _lawful_zero_retry(tmp_path, "mut_" + mutate.__name__)
>       assert PR.load(run), "the control must load before it is mutated"
               ^^^^^^^^^^^^

test_a7_runstates_1470.py:294: 
_ _ _ _ _ _ _ _ _ _ _ _ _ _ _ _ _ _ _ _ _ _ _ _ _ _ _ _ _ _ _ _ _ _ _ _ _ _ _ _ 

run_dir = '/tmp/pytest-of-faisal/pytest-0/test_one_mutation_of_the_prima1/mut__mutate_classification'
expect_freeze_sha = None

    def load(run_dir, expect_freeze_sha=None):
        """-> the identity of ONE lawful prepared run. Raises on anything else."""
        if not run_dir or not isinstance(run_dir, str):
            raise ValueError("%s: no run was supplied" % SCHEMA)
        run_dir = os.path.abspath(run_dir)
        if not os.path.isdir(run_dir):
            raise ValueError("%s: no run directory at %s" % (SCHEMA, run_dir))
    
        plan_dir = os.path.join(run_dir, PLAN_DIRNAME)
        if not os.path.isdir(plan_dir):
            raise ValueError("%s: %s has no %s/" % (SCHEMA, run_dir, PLAN_DIRNAME))
        if not os.listdir(plan_dir):
            # AN EXISTING BUT EMPTY PLAN DIRECTORY. Checking only that the
            # directory exists accepted this, and the K-fields fallback then
            # lawfully answered from somewhere else entirely.
            raise ValueError("%s: the plan directory at %s is empty"
                             % (SCHEMA, plan_dir))
    
        manifest_path = os.path.join(plan_dir, A5_MANIFEST)
        manifest = _read_json(manifest_path, "A5 reader manifest")
        missing = [k for k in A5_REQUIRED
                   if not isinstance(manifest, dict) or k not in manifest]
        if missing:
            raise ValueError("%s: %s is not an A5 reader manifest; it has no %s"
                             % (SCHEMA, manifest_path, ", ".join(missing)))
    
        receipt_path = os.path.join(run_dir, RECEIPT)
        receipt = _read_json(receipt_path, "receipt")
        allowed = receipt.get("allowed")
        if not isinstance(allowed, list) or not allowed:
            raise ValueError("%s: %s allows no calls" % (SCHEMA, receipt_path))
    
        # THE A6 LAUNCH FREEZE, RE-DERIVED FROM THIS RUN. A recorded freeze proves
        # only that a freeze was once written; re-deriving proves it still
        # describes this run.
        # THE GUARDED LOADER, not a bare import. `a7_g1_build._a6()` already
        # refuses an `a6_launch_freeze` that resolved to another directory,
        # because that owner derives its pointer paths from its own file location
        # - a byte-identical copy elsewhere silently yields a different bound()
        # and a different every-count. A bare import here walked straight past
        # that guard and picked up a stale copy.
        import a7_g1_build as _G
        # THE SAME IMPORT CLASS (Codex SEQ 1490 item 3): a preloaded foreign
        # a7_g1_build would pass ITS OWN `_a6()` guard with its matching foreign
        # A6, so the exact-directory rule is asked here first, before it is trusted.
        _got = os.path.dirname(os.path.abspath(_G.__file__))
        if _got != _HERE:
            raise RuntimeError(
                "a7_g1_build resolved to %s, not the harness copy in %s; run from "
                "one clean harness path" % (_G.__file__, _HERE))
        A6 = _G._a6()
        frozen = A6.freeze(run_dir)
        bad = A6.problems(frozen)
        executed = _executed(run_dir)
        if executed:
            # AN EXECUTED RUN HAS SPENT SOMETHING - that is what executed means,
            # and A6 says so as a problem because A6 exists to guard a PRE-launch
            # freeze. Which problems those are is DERIVED, not named: re-ask A6
            # about the same freeze with its spend counters at zero, and the
            # problems that disappear are exactly the ones the spend caused. Any
            # problem that survives is a real mismatch and still refuses.
            import copy
            probe = copy.deepcopy(frozen)
            probe["zeros"] = dict.fromkeys(probe["zeros"], 0)
            still = set(A6.problems(probe))
            bad = [x for x in bad if x in still]
        if bad:
            raise ValueError("%s: the A6 freeze of %s does not hold: %s"
                             % (SCHEMA, run_dir, bad[:2]))
        # A6 IS THE ONLY FREEZE SERIALIZER (Codex SEQ 1517 seam 1). Hashing a
        # SECOND json rendering here gave A6 identity two owners and a hash that
        # differed from the exact bytes A6 itself writes and locks - an unpinned
        # substitution could pass one while failing the other. Hash the exact
        # A6-rendered bytes, so `a6_freeze_sha256` IS the frozen A6 document.
        #
        # A6 is a PRE-LAUNCH guard, so a completed run's live freeze differs from
        # the accepted pre-call freeze (spent zeros, grown receipt, counted ledger)
        # (Codex SEQ 1521). The identity pin is over the run's ACCEPTED pre-launch
        # view - reconstructed by A6 from the run's own evidence, a no-op before
        # execution - so a completed run remains bound to the exact accepted freeze
        # while its ledger still counts its returned calls once.
        freeze_sha = hashlib.sha256(
>           A6.render(A6.precall_view(frozen, run_dir)).encode("utf-8")).hexdigest()
                      ^^^^^^^^^^^^^^^
E       AttributeError: module 'a6_launch_freeze' has no attribute 'precall_view'

a7_prepared_run.py:135: AttributeError
_______ test_one_mutation_of_the_primary_finalization_REFUSES[validity] ________

mutate = <function _mutate_validity at 0x7f9b6571cf40>
tmp_path = PosixPath('/tmp/pytest-of-faisal/pytest-0/test_one_mutation_of_the_prima2')

    @pytest.mark.parametrize("mutate", [
        _mutate_retry, _mutate_classification, _mutate_validity, _mutate_ledger,
        _mutate_identity, _mutate_receipt_binding, _mutate_attempt,
    ], ids=["retry", "classification", "validity", "ledger", "identity",
            "receipt-binding", "attempt-shape"])
    def test_one_mutation_of_the_primary_finalization_REFUSES(mutate, tmp_path):
        """From the LAWFUL positive, change exactly one thing.
    
        The consumer used to only HASH these files, so every one of these
        contradictions was accepted and an answer was then selected from a run
        that disagrees with itself (Codex SEQ 1471 item 2).
        """
        run = _lawful_zero_retry(tmp_path, "mut_" + mutate.__name__)
>       assert PR.load(run), "the control must load before it is mutated"
               ^^^^^^^^^^^^

test_a7_runstates_1470.py:294: 
_ _ _ _ _ _ _ _ _ _ _ _ _ _ _ _ _ _ _ _ _ _ _ _ _ _ _ _ _ _ _ _ _ _ _ _ _ _ _ _ 

run_dir = '/tmp/pytest-of-faisal/pytest-0/test_one_mutation_of_the_prima2/mut__mutate_validity'
expect_freeze_sha = None

    def load(run_dir, expect_freeze_sha=None):
        """-> the identity of ONE lawful prepared run. Raises on anything else."""
        if not run_dir or not isinstance(run_dir, str):
            raise ValueError("%s: no run was supplied" % SCHEMA)
        run_dir = os.path.abspath(run_dir)
        if not os.path.isdir(run_dir):
            raise ValueError("%s: no run directory at %s" % (SCHEMA, run_dir))
    
        plan_dir = os.path.join(run_dir, PLAN_DIRNAME)
        if not os.path.isdir(plan_dir):
            raise ValueError("%s: %s has no %s/" % (SCHEMA, run_dir, PLAN_DIRNAME))
        if not os.listdir(plan_dir):
            # AN EXISTING BUT EMPTY PLAN DIRECTORY. Checking only that the
            # directory exists accepted this, and the K-fields fallback then
            # lawfully answered from somewhere else entirely.
            raise ValueError("%s: the plan directory at %s is empty"
                             % (SCHEMA, plan_dir))
    
        manifest_path = os.path.join(plan_dir, A5_MANIFEST)
        manifest = _read_json(manifest_path, "A5 reader manifest")
        missing = [k for k in A5_REQUIRED
                   if not isinstance(manifest, dict) or k not in manifest]
        if missing:
            raise ValueError("%s: %s is not an A5 reader manifest; it has no %s"
                             % (SCHEMA, manifest_path, ", ".join(missing)))
    
        receipt_path = os.path.join(run_dir, RECEIPT)
        receipt = _read_json(receipt_path, "receipt")
        allowed = receipt.get("allowed")
        if not isinstance(allowed, list) or not allowed:
            raise ValueError("%s: %s allows no calls" % (SCHEMA, receipt_path))
    
        # THE A6 LAUNCH FREEZE, RE-DERIVED FROM THIS RUN. A recorded freeze proves
        # only that a freeze was once written; re-deriving proves it still
        # describes this run.
        # THE GUARDED LOADER, not a bare import. `a7_g1_build._a6()` already
        # refuses an `a6_launch_freeze` that resolved to another directory,
        # because that owner derives its pointer paths from its own file location
        # - a byte-identical copy elsewhere silently yields a different bound()
        # and a different every-count. A bare import here walked straight past
        # that guard and picked up a stale copy.
        import a7_g1_build as _G
        # THE SAME IMPORT CLASS (Codex SEQ 1490 item 3): a preloaded foreign
        # a7_g1_build would pass ITS OWN `_a6()` guard with its matching foreign
        # A6, so the exact-directory rule is asked here first, before it is trusted.
        _got = os.path.dirname(os.path.abspath(_G.__file__))
        if _got != _HERE:
            raise RuntimeError(
                "a7_g1_build resolved to %s, not the harness copy in %s; run from "
                "one clean harness path" % (_G.__file__, _HERE))
        A6 = _G._a6()
        frozen = A6.freeze(run_dir)
        bad = A6.problems(frozen)
        executed = _executed(run_dir)
        if executed:
            # AN EXECUTED RUN HAS SPENT SOMETHING - that is what executed means,
            # and A6 says so as a problem because A6 exists to guard a PRE-launch
            # freeze. Which problems those are is DERIVED, not named: re-ask A6
            # about the same freeze with its spend counters at zero, and the
            # problems that disappear are exactly the ones the spend caused. Any
            # problem that survives is a real mismatch and still refuses.
            import copy
            probe = copy.deepcopy(frozen)
            probe["zeros"] = dict.fromkeys(probe["zeros"], 0)
            still = set(A6.problems(probe))
            bad = [x for x in bad if x in still]
        if bad:
            raise ValueError("%s: the A6 freeze of %s does not hold: %s"
                             % (SCHEMA, run_dir, bad[:2]))
        # A6 IS THE ONLY FREEZE SERIALIZER (Codex SEQ 1517 seam 1). Hashing a
        # SECOND json rendering here gave A6 identity two owners and a hash that
        # differed from the exact bytes A6 itself writes and locks - an unpinned
        # substitution could pass one while failing the other. Hash the exact
        # A6-rendered bytes, so `a6_freeze_sha256` IS the frozen A6 document.
        #
        # A6 is a PRE-LAUNCH guard, so a completed run's live freeze differs from
        # the accepted pre-call freeze (spent zeros, grown receipt, counted ledger)
        # (Codex SEQ 1521). The identity pin is over the run's ACCEPTED pre-launch
        # view - reconstructed by A6 from the run's own evidence, a no-op before
        # execution - so a completed run remains bound to the exact accepted freeze
        # while its ledger still counts its returned calls once.
        freeze_sha = hashlib.sha256(
>           A6.render(A6.precall_view(frozen, run_dir)).encode("utf-8")).hexdigest()
                      ^^^^^^^^^^^^^^^
E       AttributeError: module 'a6_launch_freeze' has no attribute 'precall_view'

a7_prepared_run.py:135: AttributeError
________ test_one_mutation_of_the_primary_finalization_REFUSES[ledger] _________

mutate = <function _mutate_ledger at 0x7f9b6571cfe0>
tmp_path = PosixPath('/tmp/pytest-of-faisal/pytest-0/test_one_mutation_of_the_prima3')

    @pytest.mark.parametrize("mutate", [
        _mutate_retry, _mutate_classification, _mutate_validity, _mutate_ledger,
        _mutate_identity, _mutate_receipt_binding, _mutate_attempt,
    ], ids=["retry", "classification", "validity", "ledger", "identity",
            "receipt-binding", "attempt-shape"])
    def test_one_mutation_of_the_primary_finalization_REFUSES(mutate, tmp_path):
        """From the LAWFUL positive, change exactly one thing.
    
        The consumer used to only HASH these files, so every one of these
        contradictions was accepted and an answer was then selected from a run
        that disagrees with itself (Codex SEQ 1471 item 2).
        """
        run = _lawful_zero_retry(tmp_path, "mut_" + mutate.__name__)
>       assert PR.load(run), "the control must load before it is mutated"
               ^^^^^^^^^^^^

test_a7_runstates_1470.py:294: 
_ _ _ _ _ _ _ _ _ _ _ _ _ _ _ _ _ _ _ _ _ _ _ _ _ _ _ _ _ _ _ _ _ _ _ _ _ _ _ _ 

run_dir = '/tmp/pytest-of-faisal/pytest-0/test_one_mutation_of_the_prima3/mut__mutate_ledger'
expect_freeze_sha = None

    def load(run_dir, expect_freeze_sha=None):
        """-> the identity of ONE lawful prepared run. Raises on anything else."""
        if not run_dir or not isinstance(run_dir, str):
            raise ValueError("%s: no run was supplied" % SCHEMA)
        run_dir = os.path.abspath(run_dir)
        if not os.path.isdir(run_dir):
            raise ValueError("%s: no run directory at %s" % (SCHEMA, run_dir))
    
        plan_dir = os.path.join(run_dir, PLAN_DIRNAME)
        if not os.path.isdir(plan_dir):
            raise ValueError("%s: %s has no %s/" % (SCHEMA, run_dir, PLAN_DIRNAME))
        if not os.listdir(plan_dir):
            # AN EXISTING BUT EMPTY PLAN DIRECTORY. Checking only that the
            # directory exists accepted this, and the K-fields fallback then
            # lawfully answered from somewhere else entirely.
            raise ValueError("%s: the plan directory at %s is empty"
                             % (SCHEMA, plan_dir))
    
        manifest_path = os.path.join(plan_dir, A5_MANIFEST)
        manifest = _read_json(manifest_path, "A5 reader manifest")
        missing = [k for k in A5_REQUIRED
                   if not isinstance(manifest, dict) or k not in manifest]
        if missing:
            raise ValueError("%s: %s is not an A5 reader manifest; it has no %s"
                             % (SCHEMA, manifest_path, ", ".join(missing)))
    
        receipt_path = os.path.join(run_dir, RECEIPT)
        receipt = _read_json(receipt_path, "receipt")
        allowed = receipt.get("allowed")
        if not isinstance(allowed, list) or not allowed:
            raise ValueError("%s: %s allows no calls" % (SCHEMA, receipt_path))
    
        # THE A6 LAUNCH FREEZE, RE-DERIVED FROM THIS RUN. A recorded freeze proves
        # only that a freeze was once written; re-deriving proves it still
        # describes this run.
        # THE GUARDED LOADER, not a bare import. `a7_g1_build._a6()` already
        # refuses an `a6_launch_freeze` that resolved to another directory,
        # because that owner derives its pointer paths from its own file location
        # - a byte-identical copy elsewhere silently yields a different bound()
        # and a different every-count. A bare import here walked straight past
        # that guard and picked up a stale copy.
        import a7_g1_build as _G
        # THE SAME IMPORT CLASS (Codex SEQ 1490 item 3): a preloaded foreign
        # a7_g1_build would pass ITS OWN `_a6()` guard with its matching foreign
        # A6, so the exact-directory rule is asked here first, before it is trusted.
        _got = os.path.dirname(os.path.abspath(_G.__file__))
        if _got != _HERE:
            raise RuntimeError(
                "a7_g1_build resolved to %s, not the harness copy in %s; run from "
                "one clean harness path" % (_G.__file__, _HERE))
        A6 = _G._a6()
        frozen = A6.freeze(run_dir)
        bad = A6.problems(frozen)
        executed = _executed(run_dir)
        if executed:
            # AN EXECUTED RUN HAS SPENT SOMETHING - that is what executed means,
            # and A6 says so as a problem because A6 exists to guard a PRE-launch
            # freeze. Which problems those are is DERIVED, not named: re-ask A6
            # about the same freeze with its spend counters at zero, and the
            # problems that disappear are exactly the ones the spend caused. Any
            # problem that survives is a real mismatch and still refuses.
            import copy
            probe = copy.deepcopy(frozen)
            probe["zeros"] = dict.fromkeys(probe["zeros"], 0)
            still = set(A6.problems(probe))
            bad = [x for x in bad if x in still]
        if bad:
            raise ValueError("%s: the A6 freeze of %s does not hold: %s"
                             % (SCHEMA, run_dir, bad[:2]))
        # A6 IS THE ONLY FREEZE SERIALIZER (Codex SEQ 1517 seam 1). Hashing a
        # SECOND json rendering here gave A6 identity two owners and a hash that
        # differed from the exact bytes A6 itself writes and locks - an unpinned
        # substitution could pass one while failing the other. Hash the exact
        # A6-rendered bytes, so `a6_freeze_sha256` IS the frozen A6 document.
        #
        # A6 is a PRE-LAUNCH guard, so a completed run's live freeze differs from
        # the accepted pre-call freeze (spent zeros, grown receipt, counted ledger)
        # (Codex SEQ 1521). The identity pin is over the run's ACCEPTED pre-launch
        # view - reconstructed by A6 from the run's own evidence, a no-op before
        # execution - so a completed run remains bound to the exact accepted freeze
        # while its ledger still counts its returned calls once.
        freeze_sha = hashlib.sha256(
>           A6.render(A6.precall_view(frozen, run_dir)).encode("utf-8")).hexdigest()
                      ^^^^^^^^^^^^^^^
E       AttributeError: module 'a6_launch_freeze' has no attribute 'precall_view'

a7_prepared_run.py:135: AttributeError
_______ test_one_mutation_of_the_primary_finalization_REFUSES[identity] ________

mutate = <function _mutate_identity at 0x7f9b6571d080>
tmp_path = PosixPath('/tmp/pytest-of-faisal/pytest-0/test_one_mutation_of_the_prima4')

    @pytest.mark.parametrize("mutate", [
        _mutate_retry, _mutate_classification, _mutate_validity, _mutate_ledger,
        _mutate_identity, _mutate_receipt_binding, _mutate_attempt,
    ], ids=["retry", "classification", "validity", "ledger", "identity",
            "receipt-binding", "attempt-shape"])
    def test_one_mutation_of_the_primary_finalization_REFUSES(mutate, tmp_path):
        """From the LAWFUL positive, change exactly one thing.
    
        The consumer used to only HASH these files, so every one of these
        contradictions was accepted and an answer was then selected from a run
        that disagrees with itself (Codex SEQ 1471 item 2).
        """
        run = _lawful_zero_retry(tmp_path, "mut_" + mutate.__name__)
>       assert PR.load(run), "the control must load before it is mutated"
               ^^^^^^^^^^^^

test_a7_runstates_1470.py:294: 
_ _ _ _ _ _ _ _ _ _ _ _ _ _ _ _ _ _ _ _ _ _ _ _ _ _ _ _ _ _ _ _ _ _ _ _ _ _ _ _ 

run_dir = '/tmp/pytest-of-faisal/pytest-0/test_one_mutation_of_the_prima4/mut__mutate_identity'
expect_freeze_sha = None

    def load(run_dir, expect_freeze_sha=None):
        """-> the identity of ONE lawful prepared run. Raises on anything else."""
        if not run_dir or not isinstance(run_dir, str):
            raise ValueError("%s: no run was supplied" % SCHEMA)
        run_dir = os.path.abspath(run_dir)
        if not os.path.isdir(run_dir):
            raise ValueError("%s: no run directory at %s" % (SCHEMA, run_dir))
    
        plan_dir = os.path.join(run_dir, PLAN_DIRNAME)
        if not os.path.isdir(plan_dir):
            raise ValueError("%s: %s has no %s/" % (SCHEMA, run_dir, PLAN_DIRNAME))
        if not os.listdir(plan_dir):
            # AN EXISTING BUT EMPTY PLAN DIRECTORY. Checking only that the
            # directory exists accepted this, and the K-fields fallback then
            # lawfully answered from somewhere else entirely.
            raise ValueError("%s: the plan directory at %s is empty"
                             % (SCHEMA, plan_dir))
    
        manifest_path = os.path.join(plan_dir, A5_MANIFEST)
        manifest = _read_json(manifest_path, "A5 reader manifest")
        missing = [k for k in A5_REQUIRED
                   if not isinstance(manifest, dict) or k not in manifest]
        if missing:
            raise ValueError("%s: %s is not an A5 reader manifest; it has no %s"
                             % (SCHEMA, manifest_path, ", ".join(missing)))
    
        receipt_path = os.path.join(run_dir, RECEIPT)
        receipt = _read_json(receipt_path, "receipt")
        allowed = receipt.get("allowed")
        if not isinstance(allowed, list) or not allowed:
            raise ValueError("%s: %s allows no calls" % (SCHEMA, receipt_path))
    
        # THE A6 LAUNCH FREEZE, RE-DERIVED FROM THIS RUN. A recorded freeze proves
        # only that a freeze was once written; re-deriving proves it still
        # describes this run.
        # THE GUARDED LOADER, not a bare import. `a7_g1_build._a6()` already
        # refuses an `a6_launch_freeze` that resolved to another directory,
        # because that owner derives its pointer paths from its own file location
        # - a byte-identical copy elsewhere silently yields a different bound()
        # and a different every-count. A bare import here walked straight past
        # that guard and picked up a stale copy.
        import a7_g1_build as _G
        # THE SAME IMPORT CLASS (Codex SEQ 1490 item 3): a preloaded foreign
        # a7_g1_build would pass ITS OWN `_a6()` guard with its matching foreign
        # A6, so the exact-directory rule is asked here first, before it is trusted.
        _got = os.path.dirname(os.path.abspath(_G.__file__))
        if _got != _HERE:
            raise RuntimeError(
                "a7_g1_build resolved to %s, not the harness copy in %s; run from "
                "one clean harness path" % (_G.__file__, _HERE))
        A6 = _G._a6()
        frozen = A6.freeze(run_dir)
        bad = A6.problems(frozen)
        executed = _executed(run_dir)
        if executed:
            # AN EXECUTED RUN HAS SPENT SOMETHING - that is what executed means,
            # and A6 says so as a problem because A6 exists to guard a PRE-launch
            # freeze. Which problems those are is DERIVED, not named: re-ask A6
            # about the same freeze with its spend counters at zero, and the
            # problems that disappear are exactly the ones the spend caused. Any
            # problem that survives is a real mismatch and still refuses.
            import copy
            probe = copy.deepcopy(frozen)
            probe["zeros"] = dict.fromkeys(probe["zeros"], 0)
            still = set(A6.problems(probe))
            bad = [x for x in bad if x in still]
        if bad:
            raise ValueError("%s: the A6 freeze of %s does not hold: %s"
                             % (SCHEMA, run_dir, bad[:2]))
        # A6 IS THE ONLY FREEZE SERIALIZER (Codex SEQ 1517 seam 1). Hashing a
        # SECOND json rendering here gave A6 identity two owners and a hash that
        # differed from the exact bytes A6 itself writes and locks - an unpinned
        # substitution could pass one while failing the other. Hash the exact
        # A6-rendered bytes, so `a6_freeze_sha256` IS the frozen A6 document.
        #
        # A6 is a PRE-LAUNCH guard, so a completed run's live freeze differs from
        # the accepted pre-call freeze (spent zeros, grown receipt, counted ledger)
        # (Codex SEQ 1521). The identity pin is over the run's ACCEPTED pre-launch
        # view - reconstructed by A6 from the run's own evidence, a no-op before
        # execution - so a completed run remains bound to the exact accepted freeze
        # while its ledger still counts its returned calls once.
        freeze_sha = hashlib.sha256(
>           A6.render(A6.precall_view(frozen, run_dir)).encode("utf-8")).hexdigest()
                      ^^^^^^^^^^^^^^^
E       AttributeError: module 'a6_launch_freeze' has no attribute 'precall_view'

a7_prepared_run.py:135: AttributeError
____ test_one_mutation_of_the_primary_finalization_REFUSES[receipt-binding] ____

mutate = <function _mutate_receipt_binding at 0x7f9b6571d120>
tmp_path = PosixPath('/tmp/pytest-of-faisal/pytest-0/test_one_mutation_of_the_prima5')

    @pytest.mark.parametrize("mutate", [
        _mutate_retry, _mutate_classification, _mutate_validity, _mutate_ledger,
        _mutate_identity, _mutate_receipt_binding, _mutate_attempt,
    ], ids=["retry", "classification", "validity", "ledger", "identity",
            "receipt-binding", "attempt-shape"])
    def test_one_mutation_of_the_primary_finalization_REFUSES(mutate, tmp_path):
        """From the LAWFUL positive, change exactly one thing.
    
        The consumer used to only HASH these files, so every one of these
        contradictions was accepted and an answer was then selected from a run
        that disagrees with itself (Codex SEQ 1471 item 2).
        """
        run = _lawful_zero_retry(tmp_path, "mut_" + mutate.__name__)
>       assert PR.load(run), "the control must load before it is mutated"
               ^^^^^^^^^^^^

test_a7_runstates_1470.py:294: 
_ _ _ _ _ _ _ _ _ _ _ _ _ _ _ _ _ _ _ _ _ _ _ _ _ _ _ _ _ _ _ _ _ _ _ _ _ _ _ _ 

run_dir = '/tmp/pytest-of-faisal/pytest-0/test_one_mutation_of_the_prima5/mut__mutate_receipt_binding'
expect_freeze_sha = None

    def load(run_dir, expect_freeze_sha=None):
        """-> the identity of ONE lawful prepared run. Raises on anything else."""
        if not run_dir or not isinstance(run_dir, str):
            raise ValueError("%s: no run was supplied" % SCHEMA)
        run_dir = os.path.abspath(run_dir)
        if not os.path.isdir(run_dir):
            raise ValueError("%s: no run directory at %s" % (SCHEMA, run_dir))
    
        plan_dir = os.path.join(run_dir, PLAN_DIRNAME)
        if not os.path.isdir(plan_dir):
            raise ValueError("%s: %s has no %s/" % (SCHEMA, run_dir, PLAN_DIRNAME))
        if not os.listdir(plan_dir):
            # AN EXISTING BUT EMPTY PLAN DIRECTORY. Checking only that the
            # directory exists accepted this, and the K-fields fallback then
            # lawfully answered from somewhere else entirely.
            raise ValueError("%s: the plan directory at %s is empty"
                             % (SCHEMA, plan_dir))
    
        manifest_path = os.path.join(plan_dir, A5_MANIFEST)
        manifest = _read_json(manifest_path, "A5 reader manifest")
        missing = [k for k in A5_REQUIRED
                   if not isinstance(manifest, dict) or k not in manifest]
        if missing:
            raise ValueError("%s: %s is not an A5 reader manifest; it has no %s"
                             % (SCHEMA, manifest_path, ", ".join(missing)))
    
        receipt_path = os.path.join(run_dir, RECEIPT)
        receipt = _read_json(receipt_path, "receipt")
        allowed = receipt.get("allowed")
        if not isinstance(allowed, list) or not allowed:
            raise ValueError("%s: %s allows no calls" % (SCHEMA, receipt_path))
    
        # THE A6 LAUNCH FREEZE, RE-DERIVED FROM THIS RUN. A recorded freeze proves
        # only that a freeze was once written; re-deriving proves it still
        # describes this run.
        # THE GUARDED LOADER, not a bare import. `a7_g1_build._a6()` already
        # refuses an `a6_launch_freeze` that resolved to another directory,
        # because that owner derives its pointer paths from its own file location
        # - a byte-identical copy elsewhere silently yields a different bound()
        # and a different every-count. A bare import here walked straight past
        # that guard and picked up a stale copy.
        import a7_g1_build as _G
        # THE SAME IMPORT CLASS (Codex SEQ 1490 item 3): a preloaded foreign
        # a7_g1_build would pass ITS OWN `_a6()` guard with its matching foreign
        # A6, so the exact-directory rule is asked here first, before it is trusted.
        _got = os.path.dirname(os.path.abspath(_G.__file__))
        if _got != _HERE:
            raise RuntimeError(
                "a7_g1_build resolved to %s, not the harness copy in %s; run from "
                "one clean harness path" % (_G.__file__, _HERE))
        A6 = _G._a6()
        frozen = A6.freeze(run_dir)
        bad = A6.problems(frozen)
        executed = _executed(run_dir)
        if executed:
            # AN EXECUTED RUN HAS SPENT SOMETHING - that is what executed means,
            # and A6 says so as a problem because A6 exists to guard a PRE-launch
            # freeze. Which problems those are is DERIVED, not named: re-ask A6
            # about the same freeze with its spend counters at zero, and the
            # problems that disappear are exactly the ones the spend caused. Any
            # problem that survives is a real mismatch and still refuses.
            import copy
            probe = copy.deepcopy(frozen)
            probe["zeros"] = dict.fromkeys(probe["zeros"], 0)
            still = set(A6.problems(probe))
            bad = [x for x in bad if x in still]
        if bad:
            raise ValueError("%s: the A6 freeze of %s does not hold: %s"
                             % (SCHEMA, run_dir, bad[:2]))
        # A6 IS THE ONLY FREEZE SERIALIZER (Codex SEQ 1517 seam 1). Hashing a
        # SECOND json rendering here gave A6 identity two owners and a hash that
        # differed from the exact bytes A6 itself writes and locks - an unpinned
        # substitution could pass one while failing the other. Hash the exact
        # A6-rendered bytes, so `a6_freeze_sha256` IS the frozen A6 document.
        #
        # A6 is a PRE-LAUNCH guard, so a completed run's live freeze differs from
        # the accepted pre-call freeze (spent zeros, grown receipt, counted ledger)
        # (Codex SEQ 1521). The identity pin is over the run's ACCEPTED pre-launch
        # view - reconstructed by A6 from the run's own evidence, a no-op before
        # execution - so a completed run remains bound to the exact accepted freeze
        # while its ledger still counts its returned calls once.
        freeze_sha = hashlib.sha256(
>           A6.render(A6.precall_view(frozen, run_dir)).encode("utf-8")).hexdigest()
                      ^^^^^^^^^^^^^^^
E       AttributeError: module 'a6_launch_freeze' has no attribute 'precall_view'

a7_prepared_run.py:135: AttributeError
_____ test_one_mutation_of_the_primary_finalization_REFUSES[attempt-shape] _____

mutate = <function _mutate_attempt at 0x7f9b6571d1c0>
tmp_path = PosixPath('/tmp/pytest-of-faisal/pytest-0/test_one_mutation_of_the_prima6')

    @pytest.mark.parametrize("mutate", [
        _mutate_retry, _mutate_classification, _mutate_validity, _mutate_ledger,
        _mutate_identity, _mutate_receipt_binding, _mutate_attempt,
    ], ids=["retry", "classification", "validity", "ledger", "identity",
            "receipt-binding", "attempt-shape"])
    def test_one_mutation_of_the_primary_finalization_REFUSES(mutate, tmp_path):
        """From the LAWFUL positive, change exactly one thing.
    
        The consumer used to only HASH these files, so every one of these
        contradictions was accepted and an answer was then selected from a run
        that disagrees with itself (Codex SEQ 1471 item 2).
        """
        run = _lawful_zero_retry(tmp_path, "mut_" + mutate.__name__)
>       assert PR.load(run), "the control must load before it is mutated"
               ^^^^^^^^^^^^

test_a7_runstates_1470.py:294: 
_ _ _ _ _ _ _ _ _ _ _ _ _ _ _ _ _ _ _ _ _ _ _ _ _ _ _ _ _ _ _ _ _ _ _ _ _ _ _ _ 

run_dir = '/tmp/pytest-of-faisal/pytest-0/test_one_mutation_of_the_prima6/mut__mutate_attempt'
expect_freeze_sha = None

    def load(run_dir, expect_freeze_sha=None):
        """-> the identity of ONE lawful prepared run. Raises on anything else."""
        if not run_dir or not isinstance(run_dir, str):
            raise ValueError("%s: no run was supplied" % SCHEMA)
        run_dir = os.path.abspath(run_dir)
        if not os.path.isdir(run_dir):
            raise ValueError("%s: no run directory at %s" % (SCHEMA, run_dir))
    
        plan_dir = os.path.join(run_dir, PLAN_DIRNAME)
        if not os.path.isdir(plan_dir):
            raise ValueError("%s: %s has no %s/" % (SCHEMA, run_dir, PLAN_DIRNAME))
        if not os.listdir(plan_dir):
            # AN EXISTING BUT EMPTY PLAN DIRECTORY. Checking only that the
            # directory exists accepted this, and the K-fields fallback then
            # lawfully answered from somewhere else entirely.
            raise ValueError("%s: the plan directory at %s is empty"
                             % (SCHEMA, plan_dir))
    
        manifest_path = os.path.join(plan_dir, A5_MANIFEST)
        manifest = _read_json(manifest_path, "A5 reader manifest")
        missing = [k for k in A5_REQUIRED
                   if not isinstance(manifest, dict) or k not in manifest]
        if missing:
            raise ValueError("%s: %s is not an A5 reader manifest; it has no %s"
                             % (SCHEMA, manifest_path, ", ".join(missing)))
    
        receipt_path = os.path.join(run_dir, RECEIPT)
        receipt = _read_json(receipt_path, "receipt")
        allowed = receipt.get("allowed")
        if not isinstance(allowed, list) or not allowed:
            raise ValueError("%s: %s allows no calls" % (SCHEMA, receipt_path))
    
        # THE A6 LAUNCH FREEZE, RE-DERIVED FROM THIS RUN. A recorded freeze proves
        # only that a freeze was once written; re-deriving proves it still
        # describes this run.
        # THE GUARDED LOADER, not a bare import. `a7_g1_build._a6()` already
        # refuses an `a6_launch_freeze` that resolved to another directory,
        # because that owner derives its pointer paths from its own file location
        # - a byte-identical copy elsewhere silently yields a different bound()
        # and a different every-count. A bare import here walked straight past
        # that guard and picked up a stale copy.
        import a7_g1_build as _G
        # THE SAME IMPORT CLASS (Codex SEQ 1490 item 3): a preloaded foreign
        # a7_g1_build would pass ITS OWN `_a6()` guard with its matching foreign
        # A6, so the exact-directory rule is asked here first, before it is trusted.
        _got = os.path.dirname(os.path.abspath(_G.__file__))
        if _got != _HERE:
            raise RuntimeError(
                "a7_g1_build resolved to %s, not the harness copy in %s; run from "
                "one clean harness path" % (_G.__file__, _HERE))
        A6 = _G._a6()
        frozen = A6.freeze(run_dir)
        bad = A6.problems(frozen)
        executed = _executed(run_dir)
        if executed:
            # AN EXECUTED RUN HAS SPENT SOMETHING - that is what executed means,
            # and A6 says so as a problem because A6 exists to guard a PRE-launch
            # freeze. Which problems those are is DERIVED, not named: re-ask A6
            # about the same freeze with its spend counters at zero, and the
            # problems that disappear are exactly the ones the spend caused. Any
            # problem that survives is a real mismatch and still refuses.
            import copy
            probe = copy.deepcopy(frozen)
            probe["zeros"] = dict.fromkeys(probe["zeros"], 0)
            still = set(A6.problems(probe))
            bad = [x for x in bad if x in still]
        if bad:
            raise ValueError("%s: the A6 freeze of %s does not hold: %s"
                             % (SCHEMA, run_dir, bad[:2]))
        # A6 IS THE ONLY FREEZE SERIALIZER (Codex SEQ 1517 seam 1). Hashing a
        # SECOND json rendering here gave A6 identity two owners and a hash that
        # differed from the exact bytes A6 itself writes and locks - an unpinned
        # substitution could pass one while failing the other. Hash the exact
        # A6-rendered bytes, so `a6_freeze_sha256` IS the frozen A6 document.
        #
        # A6 is a PRE-LAUNCH guard, so a completed run's live freeze differs from
        # the accepted pre-call freeze (spent zeros, grown receipt, counted ledger)
        # (Codex SEQ 1521). The identity pin is over the run's ACCEPTED pre-launch
        # view - reconstructed by A6 from the run's own evidence, a no-op before
        # execution - so a completed run remains bound to the exact accepted freeze
        # while its ledger still counts its returned calls once.
        freeze_sha = hashlib.sha256(
>           A6.render(A6.precall_view(frozen, run_dir)).encode("utf-8")).hexdigest()
                      ^^^^^^^^^^^^^^^
E       AttributeError: module 'a6_launch_freeze' has no attribute 'precall_view'

a7_prepared_run.py:135: AttributeError
_______ test_a_mutation_after_identity_capture_refuses_before_any_answer _______

tmp_path = PosixPath('/tmp/pytest-of-faisal/pytest-0/test_a_mutation_after_identity0')

    def test_a_mutation_after_identity_capture_refuses_before_any_answer(tmp_path):
        """Shape-checking a caller-owned dict proved only that a caller can build a
        dict. The run could move, be re-finalized or have a byte change after the
        identity was captured and every consumer would still read its answers."""
        run = _copy(tmp_path, "mutated")
>       ident = PR.load(run)
                ^^^^^^^^^^^^

test_a7_runstates_1470.py:309: 
_ _ _ _ _ _ _ _ _ _ _ _ _ _ _ _ _ _ _ _ _ _ _ _ _ _ _ _ _ _ _ _ _ _ _ _ _ _ _ _ 

run_dir = '/tmp/pytest-of-faisal/pytest-0/test_a_mutation_after_identity0/mutated'
expect_freeze_sha = None

    def load(run_dir, expect_freeze_sha=None):
        """-> the identity of ONE lawful prepared run. Raises on anything else."""
        if not run_dir or not isinstance(run_dir, str):
            raise ValueError("%s: no run was supplied" % SCHEMA)
        run_dir = os.path.abspath(run_dir)
        if not os.path.isdir(run_dir):
            raise ValueError("%s: no run directory at %s" % (SCHEMA, run_dir))
    
        plan_dir = os.path.join(run_dir, PLAN_DIRNAME)
        if not os.path.isdir(plan_dir):
            raise ValueError("%s: %s has no %s/" % (SCHEMA, run_dir, PLAN_DIRNAME))
        if not os.listdir(plan_dir):
            # AN EXISTING BUT EMPTY PLAN DIRECTORY. Checking only that the
            # directory exists accepted this, and the K-fields fallback then
            # lawfully answered from somewhere else entirely.
            raise ValueError("%s: the plan directory at %s is empty"
                             % (SCHEMA, plan_dir))
    
        manifest_path = os.path.join(plan_dir, A5_MANIFEST)
        manifest = _read_json(manifest_path, "A5 reader manifest")
        missing = [k for k in A5_REQUIRED
                   if not isinstance(manifest, dict) or k not in manifest]
        if missing:
            raise ValueError("%s: %s is not an A5 reader manifest; it has no %s"
                             % (SCHEMA, manifest_path, ", ".join(missing)))
    
        receipt_path = os.path.join(run_dir, RECEIPT)
        receipt = _read_json(receipt_path, "receipt")
        allowed = receipt.get("allowed")
        if not isinstance(allowed, list) or not allowed:
            raise ValueError("%s: %s allows no calls" % (SCHEMA, receipt_path))
    
        # THE A6 LAUNCH FREEZE, RE-DERIVED FROM THIS RUN. A recorded freeze proves
        # only that a freeze was once written; re-deriving proves it still
        # describes this run.
        # THE GUARDED LOADER, not a bare import. `a7_g1_build._a6()` already
        # refuses an `a6_launch_freeze` that resolved to another directory,
        # because that owner derives its pointer paths from its own file location
        # - a byte-identical copy elsewhere silently yields a different bound()
        # and a different every-count. A bare import here walked straight past
        # that guard and picked up a stale copy.
        import a7_g1_build as _G
        # THE SAME IMPORT CLASS (Codex SEQ 1490 item 3): a preloaded foreign
        # a7_g1_build would pass ITS OWN `_a6()` guard with its matching foreign
        # A6, so the exact-directory rule is asked here first, before it is trusted.
        _got = os.path.dirname(os.path.abspath(_G.__file__))
        if _got != _HERE:
            raise RuntimeError(
                "a7_g1_build resolved to %s, not the harness copy in %s; run from "
                "one clean harness path" % (_G.__file__, _HERE))
        A6 = _G._a6()
        frozen = A6.freeze(run_dir)
        bad = A6.problems(frozen)
        executed = _executed(run_dir)
        if executed:
            # AN EXECUTED RUN HAS SPENT SOMETHING - that is what executed means,
            # and A6 says so as a problem because A6 exists to guard a PRE-launch
            # freeze. Which problems those are is DERIVED, not named: re-ask A6
            # about the same freeze with its spend counters at zero, and the
            # problems that disappear are exactly the ones the spend caused. Any
            # problem that survives is a real mismatch and still refuses.
            import copy
            probe = copy.deepcopy(frozen)
            probe["zeros"] = dict.fromkeys(probe["zeros"], 0)
            still = set(A6.problems(probe))
            bad = [x for x in bad if x in still]
        if bad:
            raise ValueError("%s: the A6 freeze of %s does not hold: %s"
                             % (SCHEMA, run_dir, bad[:2]))
        # A6 IS THE ONLY FREEZE SERIALIZER (Codex SEQ 1517 seam 1). Hashing a
        # SECOND json rendering here gave A6 identity two owners and a hash that
        # differed from the exact bytes A6 itself writes and locks - an unpinned
        # substitution could pass one while failing the other. Hash the exact
        # A6-rendered bytes, so `a6_freeze_sha256` IS the frozen A6 document.
        #
        # A6 is a PRE-LAUNCH guard, so a completed run's live freeze differs from
        # the accepted pre-call freeze (spent zeros, grown receipt, counted ledger)
        # (Codex SEQ 1521). The identity pin is over the run's ACCEPTED pre-launch
        # view - reconstructed by A6 from the run's own evidence, a no-op before
        # execution - so a completed run remains bound to the exact accepted freeze
        # while its ledger still counts its returned calls once.
        freeze_sha = hashlib.sha256(
>           A6.render(A6.precall_view(frozen, run_dir)).encode("utf-8")).hexdigest()
                      ^^^^^^^^^^^^^^^
E       AttributeError: module 'a6_launch_freeze' has no attribute 'precall_view'

a7_prepared_run.py:135: AttributeError
_______________________ test_two_valid_runs_cannot_cross _______________________

tmp_path = PosixPath('/tmp/pytest-of-faisal/pytest-0/test_two_valid_runs_cannot_cro0')

    def test_two_valid_runs_cannot_cross(tmp_path):
        """One run's identity must not open another run, even when both are
        lawful."""
        a = _copy(tmp_path, "runA")
        b = _copy(tmp_path, "runB")
>       ia, ib = PR.load(a), PR.load(b)
                 ^^^^^^^^^^

test_a7_runstates_1470.py:327: 
_ _ _ _ _ _ _ _ _ _ _ _ _ _ _ _ _ _ _ _ _ _ _ _ _ _ _ _ _ _ _ _ _ _ _ _ _ _ _ _ 

run_dir = '/tmp/pytest-of-faisal/pytest-0/test_two_valid_runs_cannot_cro0/runA'
expect_freeze_sha = None

    def load(run_dir, expect_freeze_sha=None):
        """-> the identity of ONE lawful prepared run. Raises on anything else."""
        if not run_dir or not isinstance(run_dir, str):
            raise ValueError("%s: no run was supplied" % SCHEMA)
        run_dir = os.path.abspath(run_dir)
        if not os.path.isdir(run_dir):
            raise ValueError("%s: no run directory at %s" % (SCHEMA, run_dir))
    
        plan_dir = os.path.join(run_dir, PLAN_DIRNAME)
        if not os.path.isdir(plan_dir):
            raise ValueError("%s: %s has no %s/" % (SCHEMA, run_dir, PLAN_DIRNAME))
        if not os.listdir(plan_dir):
            # AN EXISTING BUT EMPTY PLAN DIRECTORY. Checking only that the
            # directory exists accepted this, and the K-fields fallback then
            # lawfully answered from somewhere else entirely.
            raise ValueError("%s: the plan directory at %s is empty"
                             % (SCHEMA, plan_dir))
    
        manifest_path = os.path.join(plan_dir, A5_MANIFEST)
        manifest = _read_json(manifest_path, "A5 reader manifest")
        missing = [k for k in A5_REQUIRED
                   if not isinstance(manifest, dict) or k not in manifest]
        if missing:
            raise ValueError("%s: %s is not an A5 reader manifest; it has no %s"
                             % (SCHEMA, manifest_path, ", ".join(missing)))
    
        receipt_path = os.path.join(run_dir, RECEIPT)
        receipt = _read_json(receipt_path, "receipt")
        allowed = receipt.get("allowed")
        if not isinstance(allowed, list) or not allowed:
            raise ValueError("%s: %s allows no calls" % (SCHEMA, receipt_path))
    
        # THE A6 LAUNCH FREEZE, RE-DERIVED FROM THIS RUN. A recorded freeze proves
        # only that a freeze was once written; re-deriving proves it still
        # describes this run.
        # THE GUARDED LOADER, not a bare import. `a7_g1_build._a6()` already
        # refuses an `a6_launch_freeze` that resolved to another directory,
        # because that owner derives its pointer paths from its own file location
        # - a byte-identical copy elsewhere silently yields a different bound()
        # and a different every-count. A bare import here walked straight past
        # that guard and picked up a stale copy.
        import a7_g1_build as _G
        # THE SAME IMPORT CLASS (Codex SEQ 1490 item 3): a preloaded foreign
        # a7_g1_build would pass ITS OWN `_a6()` guard with its matching foreign
        # A6, so the exact-directory rule is asked here first, before it is trusted.
        _got = os.path.dirname(os.path.abspath(_G.__file__))
        if _got != _HERE:
            raise RuntimeError(
                "a7_g1_build resolved to %s, not the harness copy in %s; run from "
                "one clean harness path" % (_G.__file__, _HERE))
        A6 = _G._a6()
        frozen = A6.freeze(run_dir)
        bad = A6.problems(frozen)
        executed = _executed(run_dir)
        if executed:
            # AN EXECUTED RUN HAS SPENT SOMETHING - that is what executed means,
            # and A6 says so as a problem because A6 exists to guard a PRE-launch
            # freeze. Which problems those are is DERIVED, not named: re-ask A6
            # about the same freeze with its spend counters at zero, and the
            # problems that disappear are exactly the ones the spend caused. Any
            # problem that survives is a real mismatch and still refuses.
            import copy
            probe = copy.deepcopy(frozen)
            probe["zeros"] = dict.fromkeys(probe["zeros"], 0)
            still = set(A6.problems(probe))
            bad = [x for x in bad if x in still]
        if bad:
            raise ValueError("%s: the A6 freeze of %s does not hold: %s"
                             % (SCHEMA, run_dir, bad[:2]))
        # A6 IS THE ONLY FREEZE SERIALIZER (Codex SEQ 1517 seam 1). Hashing a
        # SECOND json rendering here gave A6 identity two owners and a hash that
        # differed from the exact bytes A6 itself writes and locks - an unpinned
        # substitution could pass one while failing the other. Hash the exact
        # A6-rendered bytes, so `a6_freeze_sha256` IS the frozen A6 document.
        #
        # A6 is a PRE-LAUNCH guard, so a completed run's live freeze differs from
        # the accepted pre-call freeze (spent zeros, grown receipt, counted ledger)
        # (Codex SEQ 1521). The identity pin is over the run's ACCEPTED pre-launch
        # view - reconstructed by A6 from the run's own evidence, a no-op before
        # execution - so a completed run remains bound to the exact accepted freeze
        # while its ledger still counts its returned calls once.
        freeze_sha = hashlib.sha256(
>           A6.render(A6.precall_view(frozen, run_dir)).encode("utf-8")).hexdigest()
                      ^^^^^^^^^^^^^^^
E       AttributeError: module 'a6_launch_freeze' has no attribute 'precall_view'

a7_prepared_run.py:135: AttributeError
_________________ test_the_reference_lookup_has_no_default_run _________________

tmp_path = PosixPath('/tmp/pytest-of-faisal/pytest-0/test_the_reference_lookup_has_0')

    def test_the_reference_lookup_has_no_default_run(tmp_path):
        """`_packets` fell back to the module default, so an inventory built for a
        fresh run silently bound the OLD run's packets."""
>       import a7_reference_inventory as R
E       ModuleNotFoundError: No module named 'a7_reference_inventory'

test_a7_runstates_1470.py:337: ModuleNotFoundError
_______________ test_g1_consumes_the_one_ledger_and_adds_nothing _______________

tmp_path = PosixPath('/tmp/pytest-of-faisal/pytest-0/test_g1_consumes_the_one_ledge0')

    def test_g1_consumes_the_one_ledger_and_adds_nothing(tmp_path):
        A6 = _ledger()
        run = _copy(tmp_path, "consume")
>       doc, _p, problems = G.freeze(PR.load(run))
                                     ^^^^^^^^^^^^

test_a7_runstates_1470.py:449: 
_ _ _ _ _ _ _ _ _ _ _ _ _ _ _ _ _ _ _ _ _ _ _ _ _ _ _ _ _ _ _ _ _ _ _ _ _ _ _ _ 

run_dir = '/tmp/pytest-of-faisal/pytest-0/test_g1_consumes_the_one_ledge0/consume'
expect_freeze_sha = None

    def load(run_dir, expect_freeze_sha=None):
        """-> the identity of ONE lawful prepared run. Raises on anything else."""
        if not run_dir or not isinstance(run_dir, str):
            raise ValueError("%s: no run was supplied" % SCHEMA)
        run_dir = os.path.abspath(run_dir)
        if not os.path.isdir(run_dir):
            raise ValueError("%s: no run directory at %s" % (SCHEMA, run_dir))
    
        plan_dir = os.path.join(run_dir, PLAN_DIRNAME)
        if not os.path.isdir(plan_dir):
            raise ValueError("%s: %s has no %s/" % (SCHEMA, run_dir, PLAN_DIRNAME))
        if not os.listdir(plan_dir):
            # AN EXISTING BUT EMPTY PLAN DIRECTORY. Checking only that the
            # directory exists accepted this, and the K-fields fallback then
            # lawfully answered from somewhere else entirely.
            raise ValueError("%s: the plan directory at %s is empty"
                             % (SCHEMA, plan_dir))
    
        manifest_path = os.path.join(plan_dir, A5_MANIFEST)
        manifest = _read_json(manifest_path, "A5 reader manifest")
        missing = [k for k in A5_REQUIRED
                   if not isinstance(manifest, dict) or k not in manifest]
        if missing:
            raise ValueError("%s: %s is not an A5 reader manifest; it has no %s"
                             % (SCHEMA, manifest_path, ", ".join(missing)))
    
        receipt_path = os.path.join(run_dir, RECEIPT)
        receipt = _read_json(receipt_path, "receipt")
        allowed = receipt.get("allowed")
        if not isinstance(allowed, list) or not allowed:
            raise ValueError("%s: %s allows no calls" % (SCHEMA, receipt_path))
    
        # THE A6 LAUNCH FREEZE, RE-DERIVED FROM THIS RUN. A recorded freeze proves
        # only that a freeze was once written; re-deriving proves it still
        # describes this run.
        # THE GUARDED LOADER, not a bare import. `a7_g1_build._a6()` already
        # refuses an `a6_launch_freeze` that resolved to another directory,
        # because that owner derives its pointer paths from its own file location
        # - a byte-identical copy elsewhere silently yields a different bound()
        # and a different every-count. A bare import here walked straight past
        # that guard and picked up a stale copy.
        import a7_g1_build as _G
        # THE SAME IMPORT CLASS (Codex SEQ 1490 item 3): a preloaded foreign
        # a7_g1_build would pass ITS OWN `_a6()` guard with its matching foreign
        # A6, so the exact-directory rule is asked here first, before it is trusted.
        _got = os.path.dirname(os.path.abspath(_G.__file__))
        if _got != _HERE:
            raise RuntimeError(
                "a7_g1_build resolved to %s, not the harness copy in %s; run from "
                "one clean harness path" % (_G.__file__, _HERE))
        A6 = _G._a6()
        frozen = A6.freeze(run_dir)
        bad = A6.problems(frozen)
        executed = _executed(run_dir)
        if executed:
            # AN EXECUTED RUN HAS SPENT SOMETHING - that is what executed means,
            # and A6 says so as a problem because A6 exists to guard a PRE-launch
            # freeze. Which problems those are is DERIVED, not named: re-ask A6
            # about the same freeze with its spend counters at zero, and the
            # problems that disappear are exactly the ones the spend caused. Any
            # problem that survives is a real mismatch and still refuses.
            import copy
            probe = copy.deepcopy(frozen)
            probe["zeros"] = dict.fromkeys(probe["zeros"], 0)
            still = set(A6.problems(probe))
            bad = [x for x in bad if x in still]
        if bad:
            raise ValueError("%s: the A6 freeze of %s does not hold: %s"
                             % (SCHEMA, run_dir, bad[:2]))
        # A6 IS THE ONLY FREEZE SERIALIZER (Codex SEQ 1517 seam 1). Hashing a
        # SECOND json rendering here gave A6 identity two owners and a hash that
        # differed from the exact bytes A6 itself writes and locks - an unpinned
        # substitution could pass one while failing the other. Hash the exact
        # A6-rendered bytes, so `a6_freeze_sha256` IS the frozen A6 document.
        #
        # A6 is a PRE-LAUNCH guard, so a completed run's live freeze differs from
        # the accepted pre-call freeze (spent zeros, grown receipt, counted ledger)
        # (Codex SEQ 1521). The identity pin is over the run's ACCEPTED pre-launch
        # view - reconstructed by A6 from the run's own evidence, a no-op before
        # execution - so a completed run remains bound to the exact accepted freeze
        # while its ledger still counts its returned calls once.
        freeze_sha = hashlib.sha256(
>           A6.render(A6.precall_view(frozen, run_dir)).encode("utf-8")).hexdigest()
                      ^^^^^^^^^^^^^^^
E       AttributeError: module 'a6_launch_freeze' has no attribute 'precall_view'

a7_prepared_run.py:135: AttributeError
__________ test_a_correlated_primary_receipt_and_finalization_REFUSES __________

tmp_path = PosixPath('/tmp/pytest-of-faisal/pytest-0/test_a_correlated_primary_rece0')

    def test_a_correlated_primary_receipt_and_finalization_REFUSES(tmp_path):
        """The finalization binds the receipt only by HASH, so a changed receipt
        with a recomputed hash used to be accepted."""
        run = _copy(tmp_path, "recmut")
>       assert PR.load(run), "the control must load first"
               ^^^^^^^^^^^^

test_a7_runstates_1470.py:474: 
_ _ _ _ _ _ _ _ _ _ _ _ _ _ _ _ _ _ _ _ _ _ _ _ _ _ _ _ _ _ _ _ _ _ _ _ _ _ _ _ 

run_dir = '/tmp/pytest-of-faisal/pytest-0/test_a_correlated_primary_rece0/recmut'
expect_freeze_sha = None

    def load(run_dir, expect_freeze_sha=None):
        """-> the identity of ONE lawful prepared run. Raises on anything else."""
        if not run_dir or not isinstance(run_dir, str):
            raise ValueError("%s: no run was supplied" % SCHEMA)
        run_dir = os.path.abspath(run_dir)
        if not os.path.isdir(run_dir):
            raise ValueError("%s: no run directory at %s" % (SCHEMA, run_dir))
    
        plan_dir = os.path.join(run_dir, PLAN_DIRNAME)
        if not os.path.isdir(plan_dir):
            raise ValueError("%s: %s has no %s/" % (SCHEMA, run_dir, PLAN_DIRNAME))
        if not os.listdir(plan_dir):
            # AN EXISTING BUT EMPTY PLAN DIRECTORY. Checking only that the
            # directory exists accepted this, and the K-fields fallback then
            # lawfully answered from somewhere else entirely.
            raise ValueError("%s: the plan directory at %s is empty"
                             % (SCHEMA, plan_dir))
    
        manifest_path = os.path.join(plan_dir, A5_MANIFEST)
        manifest = _read_json(manifest_path, "A5 reader manifest")
        missing = [k for k in A5_REQUIRED
                   if not isinstance(manifest, dict) or k not in manifest]
        if missing:
            raise ValueError("%s: %s is not an A5 reader manifest; it has no %s"
                             % (SCHEMA, manifest_path, ", ".join(missing)))
    
        receipt_path = os.path.join(run_dir, RECEIPT)
        receipt = _read_json(receipt_path, "receipt")
        allowed = receipt.get("allowed")
        if not isinstance(allowed, list) or not allowed:
            raise ValueError("%s: %s allows no calls" % (SCHEMA, receipt_path))
    
        # THE A6 LAUNCH FREEZE, RE-DERIVED FROM THIS RUN. A recorded freeze proves
        # only that a freeze was once written; re-deriving proves it still
        # describes this run.
        # THE GUARDED LOADER, not a bare import. `a7_g1_build._a6()` already
        # refuses an `a6_launch_freeze` that resolved to another directory,
        # because that owner derives its pointer paths from its own file location
        # - a byte-identical copy elsewhere silently yields a different bound()
        # and a different every-count. A bare import here walked straight past
        # that guard and picked up a stale copy.
        import a7_g1_build as _G
        # THE SAME IMPORT CLASS (Codex SEQ 1490 item 3): a preloaded foreign
        # a7_g1_build would pass ITS OWN `_a6()` guard with its matching foreign
        # A6, so the exact-directory rule is asked here first, before it is trusted.
        _got = os.path.dirname(os.path.abspath(_G.__file__))
        if _got != _HERE:
            raise RuntimeError(
                "a7_g1_build resolved to %s, not the harness copy in %s; run from "
                "one clean harness path" % (_G.__file__, _HERE))
        A6 = _G._a6()
        frozen = A6.freeze(run_dir)
        bad = A6.problems(frozen)
        executed = _executed(run_dir)
        if executed:
            # AN EXECUTED RUN HAS SPENT SOMETHING - that is what executed means,
            # and A6 says so as a problem because A6 exists to guard a PRE-launch
            # freeze. Which problems those are is DERIVED, not named: re-ask A6
            # about the same freeze with its spend counters at zero, and the
            # problems that disappear are exactly the ones the spend caused. Any
            # problem that survives is a real mismatch and still refuses.
            import copy
            probe = copy.deepcopy(frozen)
            probe["zeros"] = dict.fromkeys(probe["zeros"], 0)
            still = set(A6.problems(probe))
            bad = [x for x in bad if x in still]
        if bad:
            raise ValueError("%s: the A6 freeze of %s does not hold: %s"
                             % (SCHEMA, run_dir, bad[:2]))
        # A6 IS THE ONLY FREEZE SERIALIZER (Codex SEQ 1517 seam 1). Hashing a
        # SECOND json rendering here gave A6 identity two owners and a hash that
        # differed from the exact bytes A6 itself writes and locks - an unpinned
        # substitution could pass one while failing the other. Hash the exact
        # A6-rendered bytes, so `a6_freeze_sha256` IS the frozen A6 document.
        #
        # A6 is a PRE-LAUNCH guard, so a completed run's live freeze differs from
        # the accepted pre-call freeze (spent zeros, grown receipt, counted ledger)
        # (Codex SEQ 1521). The identity pin is over the run's ACCEPTED pre-launch
        # view - reconstructed by A6 from the run's own evidence, a no-op before
        # execution - so a completed run remains bound to the exact accepted freeze
        # while its ledger still counts its returned calls once.
        freeze_sha = hashlib.sha256(
>           A6.render(A6.precall_view(frozen, run_dir)).encode("utf-8")).hexdigest()
                      ^^^^^^^^^^^^^^^
E       AttributeError: module 'a6_launch_freeze' has no attribute 'precall_view'

a7_prepared_run.py:135: AttributeError
___________ test_a_correlated_RETRY_receipt_and_finalization_REFUSES ___________

tmp_path = PosixPath('/tmp/pytest-of-faisal/pytest-0/test_a_correlated_RETRY_receip0')

    def test_a_correlated_RETRY_receipt_and_finalization_REFUSES(tmp_path):
        run = _copy(tmp_path, "retryrecmut")
>       assert PR.load(run), "the control must load first"
               ^^^^^^^^^^^^

test_a7_runstates_1470.py:483: 
_ _ _ _ _ _ _ _ _ _ _ _ _ _ _ _ _ _ _ _ _ _ _ _ _ _ _ _ _ _ _ _ _ _ _ _ _ _ _ _ 

run_dir = '/tmp/pytest-of-faisal/pytest-0/test_a_correlated_RETRY_receip0/retryrecmut'
expect_freeze_sha = None

    def load(run_dir, expect_freeze_sha=None):
        """-> the identity of ONE lawful prepared run. Raises on anything else."""
        if not run_dir or not isinstance(run_dir, str):
            raise ValueError("%s: no run was supplied" % SCHEMA)
        run_dir = os.path.abspath(run_dir)
        if not os.path.isdir(run_dir):
            raise ValueError("%s: no run directory at %s" % (SCHEMA, run_dir))
    
        plan_dir = os.path.join(run_dir, PLAN_DIRNAME)
        if not os.path.isdir(plan_dir):
            raise ValueError("%s: %s has no %s/" % (SCHEMA, run_dir, PLAN_DIRNAME))
        if not os.listdir(plan_dir):
            # AN EXISTING BUT EMPTY PLAN DIRECTORY. Checking only that the
            # directory exists accepted this, and the K-fields fallback then
            # lawfully answered from somewhere else entirely.
            raise ValueError("%s: the plan directory at %s is empty"
                             % (SCHEMA, plan_dir))
    
        manifest_path = os.path.join(plan_dir, A5_MANIFEST)
        manifest = _read_json(manifest_path, "A5 reader manifest")
        missing = [k for k in A5_REQUIRED
                   if not isinstance(manifest, dict) or k not in manifest]
        if missing:
            raise ValueError("%s: %s is not an A5 reader manifest; it has no %s"
                             % (SCHEMA, manifest_path, ", ".join(missing)))
    
        receipt_path = os.path.join(run_dir, RECEIPT)
        receipt = _read_json(receipt_path, "receipt")
        allowed = receipt.get("allowed")
        if not isinstance(allowed, list) or not allowed:
            raise ValueError("%s: %s allows no calls" % (SCHEMA, receipt_path))
    
        # THE A6 LAUNCH FREEZE, RE-DERIVED FROM THIS RUN. A recorded freeze proves
        # only that a freeze was once written; re-deriving proves it still
        # describes this run.
        # THE GUARDED LOADER, not a bare import. `a7_g1_build._a6()` already
        # refuses an `a6_launch_freeze` that resolved to another directory,
        # because that owner derives its pointer paths from its own file location
        # - a byte-identical copy elsewhere silently yields a different bound()
        # and a different every-count. A bare import here walked straight past
        # that guard and picked up a stale copy.
        import a7_g1_build as _G
        # THE SAME IMPORT CLASS (Codex SEQ 1490 item 3): a preloaded foreign
        # a7_g1_build would pass ITS OWN `_a6()` guard with its matching foreign
        # A6, so the exact-directory rule is asked here first, before it is trusted.
        _got = os.path.dirname(os.path.abspath(_G.__file__))
        if _got != _HERE:
            raise RuntimeError(
                "a7_g1_build resolved to %s, not the harness copy in %s; run from "
                "one clean harness path" % (_G.__file__, _HERE))
        A6 = _G._a6()
        frozen = A6.freeze(run_dir)
        bad = A6.problems(frozen)
        executed = _executed(run_dir)
        if executed:
            # AN EXECUTED RUN HAS SPENT SOMETHING - that is what executed means,
            # and A6 says so as a problem because A6 exists to guard a PRE-launch
            # freeze. Which problems those are is DERIVED, not named: re-ask A6
            # about the same freeze with its spend counters at zero, and the
            # problems that disappear are exactly the ones the spend caused. Any
            # problem that survives is a real mismatch and still refuses.
            import copy
            probe = copy.deepcopy(frozen)
            probe["zeros"] = dict.fromkeys(probe["zeros"], 0)
            still = set(A6.problems(probe))
            bad = [x for x in bad if x in still]
        if bad:
            raise ValueError("%s: the A6 freeze of %s does not hold: %s"
                             % (SCHEMA, run_dir, bad[:2]))
        # A6 IS THE ONLY FREEZE SERIALIZER (Codex SEQ 1517 seam 1). Hashing a
        # SECOND json rendering here gave A6 identity two owners and a hash that
        # differed from the exact bytes A6 itself writes and locks - an unpinned
        # substitution could pass one while failing the other. Hash the exact
        # A6-rendered bytes, so `a6_freeze_sha256` IS the frozen A6 document.
        #
        # A6 is a PRE-LAUNCH guard, so a completed run's live freeze differs from
        # the accepted pre-call freeze (spent zeros, grown receipt, counted ledger)
        # (Codex SEQ 1521). The identity pin is over the run's ACCEPTED pre-launch
        # view - reconstructed by A6 from the run's own evidence, a no-op before
        # execution - so a completed run remains bound to the exact accepted freeze
        # while its ledger still counts its returned calls once.
        freeze_sha = hashlib.sha256(
>           A6.render(A6.precall_view(frozen, run_dir)).encode("utf-8")).hexdigest()
                      ^^^^^^^^^^^^^^^
E       AttributeError: module 'a6_launch_freeze' has no attribute 'precall_view'

a7_prepared_run.py:135: AttributeError
=========================== short test summary info ============================
FAILED test_a7_runstates_1470.py::test_the_real_run_is_the_control - Attribut...
FAILED test_a7_runstates_1470.py::test_a_clean_primary_owing_no_retry_needs_no_retry_directory
FAILED test_a7_runstates_1470.py::test_an_owed_retry_that_is_not_finalized_is_a_NAMED_wait
FAILED test_a7_runstates_1470.py::test_a_completed_retry_keeps_BOTH_attempts_and_selects_the_second
FAILED test_a7_runstates_1470.py::test_saved_answers_without_a_primary_finalization_REFUSE
FAILED test_a7_runstates_1470.py::test_freeze_needs_no_retry_file_when_none_is_owed
FAILED test_a7_runstates_1470.py::test_one_mutation_of_the_primary_finalization_REFUSES[retry]
FAILED test_a7_runstates_1470.py::test_one_mutation_of_the_primary_finalization_REFUSES[classification]
FAILED test_a7_runstates_1470.py::test_one_mutation_of_the_primary_finalization_REFUSES[validity]
FAILED test_a7_runstates_1470.py::test_one_mutation_of_the_primary_finalization_REFUSES[ledger]
FAILED test_a7_runstates_1470.py::test_one_mutation_of_the_primary_finalization_REFUSES[identity]
FAILED test_a7_runstates_1470.py::test_one_mutation_of_the_primary_finalization_REFUSES[receipt-binding]
FAILED test_a7_runstates_1470.py::test_one_mutation_of_the_primary_finalization_REFUSES[attempt-shape]
FAILED test_a7_runstates_1470.py::test_a_mutation_after_identity_capture_refuses_before_any_answer
FAILED test_a7_runstates_1470.py::test_two_valid_runs_cannot_cross - Attribut...
FAILED test_a7_runstates_1470.py::test_the_reference_lookup_has_no_default_run
FAILED test_a7_runstates_1470.py::test_g1_consumes_the_one_ledger_and_adds_nothing
FAILED test_a7_runstates_1470.py::test_a_correlated_primary_receipt_and_finalization_REFUSES
FAILED test_a7_runstates_1470.py::test_a_correlated_RETRY_receipt_and_finalization_REFUSES
19 failed, 79 passed in 44.88s

[rc=1]
