ae9f11743677863349d3eb4eb65bd520f5cff380fef9bd1700a523e75cfa3491	1290	a7_recovery/codex_a7_20260909/CHECKPOINT.json
6563487f68778c272b81870feba3541c38c5d3f5b48bcd6f2599651072526ad7	37285	a7_recovery/codex_a7_20260909/CHECKPOINT_MANIFEST.tsv
8040d29424cda3d368c924652a16f24a137bab555d3d8d91ce4c8aed0e2eb32a	49181	a7_recovery/codex_a7_20260909/regression_1/FREEZE.json
84dbf726a7cc2eb8df2368a3a521c4eae956dd3d8da99c99c934a91b36c92b3f	26600	a7_recovery/codex_a7_20260909/regression_1/logs/attempt_codex_regression_1/ALIGNED_codex_regression_1.json
d6aa63c1373ecc185973a041d2b9ab91ff038bc5d9dc8548793416253937b4c7	18892	a7_recovery/codex_a7_20260909/regression_1/logs/attempt_codex_regression_1/IDS_codex_regression_1.txt
1bc058cc9e10f3bf54ae49cf92e657955d36c26211491e0b08fcbe790106a15a	673474	a7_recovery/codex_a7_20260909/regression_1/logs/attempt_codex_regression_1/REGRESSION_codex_regression_1.txt
dc9442f344b59fae521dd6a6f672f7f9d627e143e24920977415ff591c995494	65448	a7_recovery/codex_a7_20260909/regression_1/plan_launch_kfields_a1.bundle.json
d65e4f877ebebfc22f51fb98c3af28ca24c3320772a73046cad90a8955133f28	1444527	a7_recovery/codex_a7_20260909/regression_1/plan_launch_kfields_drafts.manifest.json
de800be5a1f5669d615688abe5b944730820454e777e92c6c826155e71ff2484	6426	a7_recovery/codex_a7_20260909/source_paths.py
11bbd6510187340761b998b062a5f0d8d96941fca815a59362bf0b6538a697fa	18685	a7_recovery/grader_20260909/CODE_FILES.before_owner_final.json
26b5f4dfc33f8ae638ed1af7cd13433a8ccdaa5f06a0b6ef30e299f13b1580de	18686	a7_recovery/grader_20260909/CODE_FILES.json
f6bcfe39b27cd03d8bfe76b6291a523beb18b50e9e332ae4207e69bee8f642de	99674	a7_recovery/grader_20260909/EVIDENCE_MANIFEST.before_owner_final.tsv
78985f47f542fbf2bcaf63f8dd0c9df6bad34cb220f846b57ea46dc7c107aea0	114035	a7_recovery/grader_20260909/EVIDENCE_MANIFEST.tsv
bda5b4123bf343e3bb46008f0ef98adcdee2b35e41e6fe1f8bf44f0ae973d5a5	2573	a7_recovery/grader_20260909/EXTERNAL_EVIDENCE.before_owner_final.json
c1a1440b89781450705d3cb2207ffcbc848a7e61f9c26cba9ca07d8d1056eb42	2573	a7_recovery/grader_20260909/EXTERNAL_EVIDENCE.json
e930977032ef58ce55cd3957a216466826c1b6b60b6d676ea136b2d8e1197b21	2899	a7_recovery/grader_20260909/EXTERNAL_TESTS.json
fce61fff1ed86b5346ea84ec04c3b90fe4163a8eb851588948b3d75fd23f41a7	7828	a7_recovery/grader_20260909/FINAL_OWNER_CHANGES.json
583d9b5bf92448c7e4826bfec9c36c4dbefcbd03abacd9fef82abdac992b9ad9	16274	a7_recovery/grader_20260909/FINAL_REVIEW.md
7ab8143f72bb2cf623922764bfdb2eae7dbbc8c8c56aca66baf7f4cb385e695e	263622	a7_recovery/grader_20260909/FINAL_TEST_CASES.before_owner_final.json
52dd6dc343d049723383ecf4359cbf23f0e8eea7a939daf579bef9d97ac6edeb	263785	a7_recovery/grader_20260909/FINAL_TEST_CASES.json
4a98db3e55dcdf56dd80c3832fbde3f214f8db41c15ba4f348d1c27657ce9458	136055	a7_recovery/grader_20260909/ORIGINAL_FAILURES_AND_CLEANUP.json
8d8e4e512674998dc389af81a16cfff2b75283109d18d7042834a42ab3510f60	124948	a7_recovery/grader_20260909/PLAN.md
63bb7c5437e9f98370e93a29cdf976b915ae402603fe4bc8a4a7cbd7a9e3f9c6	116358	a7_recovery/grader_20260909/PUBLICATION_MANIFEST.before_owner_final.tsv
1ff65d682bd327cd0755080beef5018ad4465d7b828afa9b515a94134248b3b1	162551	a7_recovery/grader_20260909/RECONCILIATION.before_owner_final.json
6e02fe99bc2c74d42ae48cb44c7f906fd1e81ac3dfbdd85d55c7f043b6b4dace	162551	a7_recovery/grader_20260909/RECONCILIATION.json
e45782b3aba3c41d5b32d6d58c440f9cef5b505bff6afc983fadadf7770d62c1	107099	a7_recovery/grader_20260909/REVIEW_INVENTORY.before_owner_final.json
c33f585dad832bf8997a05f476f5d782b8712ad1dc7cf56aafe34742476f4c63	106870	a7_recovery/grader_20260909/REVIEW_INVENTORY.json
15a452409ce0e8418d47e6e3f7c926cc5905c95bfe0c288c11515c498f10459c	22894	a7_recovery/grader_20260909/STATUS.md
79e960f94cf67760a42c145dc78596ccbbd8b074ffcdbb410d0534990e2226e1	53308	a7_recovery/grader_20260909/attempts/boundaries_all1/FREEZE.json
e9697aabfbc39774b74fb7df97eb4598e54ba90fcc97c8b1b2d718093474e732	3921	a7_recovery/grader_20260909/attempts/boundaries_all1/logs/attempt_grader_boundaries_all1/ALIGNED_grader_boundaries_all1.json
2ecc18083e1ffcb283c04e38036bdbf2e02f3d8cfc661f731615b13beb48e6a1	10699	a7_recovery/grader_20260909/attempts/boundaries_all1/logs/attempt_grader_boundaries_all1/COLLECTION.txt
01ba4719c80b6fe911b091a7c05124b64eeece964e09c058ef8f9805daca546b	1	a7_recovery/grader_20260909/attempts/boundaries_all1/logs/attempt_grader_boundaries_all1/IDS_grader_boundaries_all1.txt
e68890229a9ed63a02350db10b35e7c91a7dc0a5a16cb34e6767d9f0fbb08cad	195	a7_recovery/grader_20260909/attempts/boundaries_all1/logs/attempt_grader_boundaries_all1/REGRESSION_grader_boundaries_all1.txt
8ecc00b3f9c610b71a492f5d2f7c82d9836b7222debd4fde6275eab7a5430ad1	7384	a7_recovery/grader_20260909/attempts/boundaries_all1/regression.py
a1d543b84583ecabae3dfbac61c9c14080ce0685421239fa94240d1ba3bf4e7a	52726	a7_recovery/grader_20260909/attempts/boundaries_green/FREEZE.json
dcd877f34d7dd3dd73b34ef7f616e5b0e3ac4698b86ac27a21f042aa0bece0a6	3942	a7_recovery/grader_20260909/attempts/boundaries_green/logs/attempt_grader_boundaries_green/ALIGNED_grader_boundaries_green.json
29c13d7a84db4a9f7f3cff784e7f72d299146532a9e3340b7428b96eb3d6dc80	1391	a7_recovery/grader_20260909/attempts/boundaries_green/logs/attempt_grader_boundaries_green/COLLECTION.txt
d99d90647d8e54833039cd8dedc2bd2e7a15e6f18b866a7b8982267acf137e9b	99	a7_recovery/grader_20260909/attempts/boundaries_green/logs/attempt_grader_boundaries_green/IDS_grader_boundaries_green.txt
fa8451d11972d698117a3d3f1c83d0349d9f961c3c8f43e41dba02b18def3b63	2044	a7_recovery/grader_20260909/attempts/boundaries_green/logs/attempt_grader_boundaries_green/REGRESSION_grader_boundaries_green.txt
795a071cd8b454e34490e0c60cf0b42eb3ff08cb89c13c7f6c13d98352a0348c	52736	a7_recovery/grader_20260909/attempts/boundaries_green2/FREEZE.json
03536daed1ea508757736507f734f103a2d7ecf148188d66c876156057770907	3827	a7_recovery/grader_20260909/attempts/boundaries_green2/logs/attempt_grader_boundaries_green2/ALIGNED_grader_boundaries_green2.json
29c13d7a84db4a9f7f3cff784e7f72d299146532a9e3340b7428b96eb3d6dc80	1391	a7_recovery/grader_20260909/attempts/boundaries_green2/logs/attempt_grader_boundaries_green2/COLLECTION.txt
01ba4719c80b6fe911b091a7c05124b64eeece964e09c058ef8f9805daca546b	1	a7_recovery/grader_20260909/attempts/boundaries_green2/logs/attempt_grader_boundaries_green2/IDS_grader_boundaries_green2.txt
09551fcaf5dd1c3273cf8b78e36a870b310c0b547fe190b8ea727e6c2fffc4fb	115	a7_recovery/grader_20260909/attempts/boundaries_green2/logs/attempt_grader_boundaries_green2/REGRESSION_grader_boundaries_green2.txt
7c393c20decdf5a4456568ffc1463f3c5c0bf9750fceacfea0a268e5c72c3f78	52706	a7_recovery/grader_20260909/attempts/boundaries_red/FREEZE.json
4e058e633257d0c042b53448106b13fd485dd828e74aaea37682415181b6c673	4228	a7_recovery/grader_20260909/attempts/boundaries_red/logs/attempt_grader_boundaries_red/ALIGNED_grader_boundaries_red.json
29c13d7a84db4a9f7f3cff784e7f72d299146532a9e3340b7428b96eb3d6dc80	1391	a7_recovery/grader_20260909/attempts/boundaries_red/logs/attempt_grader_boundaries_red/COLLECTION.txt
e30c2e483f1df867af865e89801e76ee5c5aee470b0862da92746e5563d3a436	370	a7_recovery/grader_20260909/attempts/boundaries_red/logs/attempt_grader_boundaries_red/IDS_grader_boundaries_red.txt
c3d036147ff8c7518edb21020c889e7435d96ec3bd76ad346fce4cb219f76c5c	4150	a7_recovery/grader_20260909/attempts/boundaries_red/logs/attempt_grader_boundaries_red/REGRESSION_grader_boundaries_red.txt
8e573b6621cf9978a851886b93590c0210956c345a69a24dc8a75b67ecd2d932	50062	a7_recovery/grader_20260909/attempts/closure1/FREEZE.json
a478b28a7d3bb3de79cbee42ad7aff406bfe4807b07dea5618e8b903097031d6	4099	a7_recovery/grader_20260909/attempts/closure1/logs/attempt_grader_closure1/ALIGNED_grader_closure1.json
d80e20dfbbbcbf4aa6494ce7aac91f40f1c7642db6e9f50b1db7df80809d32e8	27873	a7_recovery/grader_20260909/attempts/closure1/logs/attempt_grader_closure1/COLLECTION.txt
8ad56bd0b8c00fc76c5f201f8a97a0910de5946b36988562f7a6186351d1af27	422	a7_recovery/grader_20260909/attempts/closure1/logs/attempt_grader_closure1/IDS_grader_closure1.txt
aedd21ae3094401ca61d941b6fae92e55d91deb06c247c566db10883fdbc63b3	21490	a7_recovery/grader_20260909/attempts/closure1/logs/attempt_grader_closure1/REGRESSION_grader_closure1.txt
340e6c2dd9b4e6fdd7023b9c89fed62ad570a74024f788fd096fba4963631be8	50405	a7_recovery/grader_20260909/attempts/closure2/FREEZE.json
1a7856aa03f7c932e873b8a789a1189de2214c4e901ca566aa6d6556b7ff375f	7034	a7_recovery/grader_20260909/attempts/closure2/logs/attempt_grader_closure2/ALIGNED_grader_closure2.json
6443be5befc7f16a60f614f558028196d71b1ee560b8a6c78ac21d4a6285a446	25393	a7_recovery/grader_20260909/attempts/closure2/logs/attempt_grader_closure2/COLLECTION.txt
45215d482e91ae40ceac48b235f6078d8b7a60925e9de60095a14c3768a286d5	3200	a7_recovery/grader_20260909/attempts/closure2/logs/attempt_grader_closure2/IDS_grader_closure2.txt
7ede973173be350726803e42b530b9a22afbdf87984bb8c7cf9d575db0142a1e	182445	a7_recovery/grader_20260909/attempts/closure2/logs/attempt_grader_closure2/REGRESSION_grader_closure2.txt
44e5c7d955aaa9f04412fad74fab752d19f5d26389a4d36d398f1227950fc84f	50886	a7_recovery/grader_20260909/attempts/closure3/FREEZE.json
cbc42ce22a2ed7ece3b210f7268ed3f6cd2bfe6a6219449aa4c28d4153ac6d0c	4757	a7_recovery/grader_20260909/attempts/closure3/logs/attempt_grader_closure3/ALIGNED_grader_closure3.json
83e468bcc73127eb626557589eba91c38ebcdda9d6a320ce6e17f5c46975285a	19585	a7_recovery/grader_20260909/attempts/closure3/logs/attempt_grader_closure3/COLLECTION.txt
8ad56bd0b8c00fc76c5f201f8a97a0910de5946b36988562f7a6186351d1af27	422	a7_recovery/grader_20260909/attempts/closure3/logs/attempt_grader_closure3/IDS_grader_closure3.txt
54e8fb882e180ed8661da2294b7f0904301426b394c35819343a4385a16e3f6d	16331	a7_recovery/grader_20260909/attempts/closure3/logs/attempt_grader_closure3/REGRESSION_grader_closure3.txt
4aeb3aed7ee0de2049b1198ecd688a02a1278522b0ec33e113dc0ab45a5e16c5	52867	a7_recovery/grader_20260909/attempts/current_full1/FREEZE.json
2fe76bf5b1c29c89820483eebd89f2ebf4f02a92f8b855fb03ddfe5605da28f0	4459	a7_recovery/grader_20260909/attempts/current_full1/logs/attempt_grader_current_full1/ALIGNED_grader_current_full1.json
ebfcc3ebf67cce5486ac93680115c72a6072d4ed4893ba61badf66023a809b70	12800	a7_recovery/grader_20260909/attempts/current_full1/logs/attempt_grader_current_full1/COLLECTION.txt
7b0850312743479a7c0ebcd2b4086ed89074cab7316bb01b6601731ac62a54fe	98	a7_recovery/grader_20260909/attempts/current_full1/logs/attempt_grader_current_full1/IDS_grader_current_full1.txt
3afdcb8a16db74e1272be1d78d84e3f21111f513992f78b8b013df97f61e243e	1229	a7_recovery/grader_20260909/attempts/current_full1/logs/attempt_grader_current_full1/REGRESSION_grader_current_full1.txt
8ecc00b3f9c610b71a492f5d2f7c82d9836b7222debd4fde6275eab7a5430ad1	7384	a7_recovery/grader_20260909/attempts/current_full1/regression.py
51cc1cff56eb55a7e80739b7e3ec0f90cbcdf5fe433c65cfcd90aebd5a7acf1b	53284	a7_recovery/grader_20260909/attempts/current_full2/FREEZE.json
1868ec41fb4e00c04b9281706822d79fd187611a5ee16bec00e7490c6c5bca1b	4647	a7_recovery/grader_20260909/attempts/current_full2/logs/attempt_grader_current_full2/ALIGNED_grader_current_full2.json
1fefd373370fcf9e85bdabf2367316be7ec718b902ebfdef43b3aa32fd232509	27741	a7_recovery/grader_20260909/attempts/current_full2/logs/attempt_grader_current_full2/COLLECTION.txt
80dd92fdc8e9a11249dfbb937b8bb11fcf8367bd3412a02143e9900fc4a0eb87	85	a7_recovery/grader_20260909/attempts/current_full2/logs/attempt_grader_current_full2/IDS_grader_current_full2.txt
eaf2dae458f77a43d9d14c3deb476d295a1f4c3aae4bc52fb6d5795c4af08499	2893	a7_recovery/grader_20260909/attempts/current_full2/logs/attempt_grader_current_full2/REGRESSION_grader_current_full2.txt
8ecc00b3f9c610b71a492f5d2f7c82d9836b7222debd4fde6275eab7a5430ad1	7384	a7_recovery/grader_20260909/attempts/current_full2/regression.py
3626ba1cc433e38ff7a421c17477a24821a5548b50e1acf74508823ceb1a2864	55296	a7_recovery/grader_20260909/attempts/current_port1/FREEZE.json
7318fab4676023bd5a9513c8f668b750e31e8bff7419068005050c9ed61f0e46	7953	a7_recovery/grader_20260909/attempts/current_port1/logs/attempt_grader_current_port1/ALIGNED_grader_current_port1.json
fed048ee2ecd4a0b28f469bbbad4f2cccb57ca3af8f0e8c7950434aa0c96712c	5357	a7_recovery/grader_20260909/attempts/current_port1/logs/attempt_grader_current_port1/COLLECTION.txt
2afd1d93d87e4f49ecf564eac7390463346e6a8209c9c0b5c8d400284eb06463	2369	a7_recovery/grader_20260909/attempts/current_port1/logs/attempt_grader_current_port1/IDS_grader_current_port1.txt
188f342584847076675580d57d614e4c89d0d65a7a394c86ddc152cc1028ca0a	82569	a7_recovery/grader_20260909/attempts/current_port1/logs/attempt_grader_current_port1/REGRESSION_grader_current_port1.txt
8ecc00b3f9c610b71a492f5d2f7c82d9836b7222debd4fde6275eab7a5430ad1	7384	a7_recovery/grader_20260909/attempts/current_port1/regression.py
787aa1e10093ce3b18fbf8f55f2cf48dda48bf257bbc586808f6d919cfaab1df	53284	a7_recovery/grader_20260909/attempts/current_port2/FREEZE.json
0956df6441ac2a736aeb8fe14f9fc6df6c4e788f977fb3a32095325b8ef06b6c	4978	a7_recovery/grader_20260909/attempts/current_port2/logs/attempt_grader_current_port2/ALIGNED_grader_current_port2.json
20ff1c59625c34af8564823ff21c9213921db3ec4eb83636c5d44e11cf545e12	5357	a7_recovery/grader_20260909/attempts/current_port2/logs/attempt_grader_current_port2/COLLECTION.txt
3d3f7ea9f6ba6c4faf67c8f6fcb846a94339109f295c1f7ceb8ffae949295c11	336	a7_recovery/grader_20260909/attempts/current_port2/logs/attempt_grader_current_port2/IDS_grader_current_port2.txt
ffb63a4b2eea70021376a7d7ef6bfdc3590294d3c18a8078bd6f7c66a499820a	10233	a7_recovery/grader_20260909/attempts/current_port2/logs/attempt_grader_current_port2/REGRESSION_grader_current_port2.txt
8ecc00b3f9c610b71a492f5d2f7c82d9836b7222debd4fde6275eab7a5430ad1	7384	a7_recovery/grader_20260909/attempts/current_port2/regression.py
ce628a23394af10f2524cbeaade06ecce8361e81515c1dad2b362bcec7b9848f	1869545	a7_recovery/grader_20260909/attempts/external_final1/JUNIT.xml
f72f22c4651ec6cc50b70b713276e2f08ba9c89ecd9f767f121cbc509615004a	17500	a7_recovery/grader_20260909/attempts/external_final1/RESULT.json
e3b0c44298fc1c149afbf4c8996fb92427ae41e4649b934ca495991b7852b855	0	a7_recovery/grader_20260909/attempts/external_final1/collection.stderr.txt
9a730f57ea23378052f88f3ae7c1ee26e21e754eb38d71072c54ba1e756112d3	1742483	a7_recovery/grader_20260909/attempts/external_final1/collection.stdout.txt
e3b0c44298fc1c149afbf4c8996fb92427ae41e4649b934ca495991b7852b855	0	a7_recovery/grader_20260909/attempts/external_final1/regression.stderr.txt
4e9c9eba646d43430dd057de108fcb8b25aa54ea9565b0bd057a7e83920e5530	3477	a7_recovery/grader_20260909/attempts/external_final1/regression.stdout.txt
206a8623cfe968a48a5cb46427eb696fc0047c6ff41d90f88d3e9a77b4f6f5f1	54066	a7_recovery/grader_20260909/attempts/final_owner_green/FREEZE.json
9971364fe4abf282773d46cf8c480fcb103f985bd52e148a6afc574afc5e2931	3825	a7_recovery/grader_20260909/attempts/final_owner_green/logs/attempt_grader_final_owner_green/ALIGNED_grader_final_owner_green.json
a2e1a2a7a6421d88dcbe7e66b021d9a32eaef70898e35f83dca60b07be6fdeb1	10790	a7_recovery/grader_20260909/attempts/final_owner_green/logs/attempt_grader_final_owner_green/COLLECTION.txt
01ba4719c80b6fe911b091a7c05124b64eeece964e09c058ef8f9805daca546b	1	a7_recovery/grader_20260909/attempts/final_owner_green/logs/attempt_grader_final_owner_green/IDS_grader_final_owner_green.txt
48c41f5ee05f97753291f75433671a321ddc1096d06e850148d69ad132f23c82	14752	a7_recovery/grader_20260909/attempts/final_owner_green/logs/attempt_grader_final_owner_green/JUNIT.xml
239626c2bf171b396f3d9c28d73a0a1f1b5b4438e3c3f2cda795d162d16cd60e	195	a7_recovery/grader_20260909/attempts/final_owner_green/logs/attempt_grader_final_owner_green/REGRESSION_grader_final_owner_green.txt
fb548160c975acf0071d59819c1245a768f64705f13968011e5b870d7d02f978	7573	a7_recovery/grader_20260909/attempts/final_owner_green/regression.py
56590083d0bbe9b5212f0df8c4b172b3b506746f06c1103024ff75430e9ee313	54038	a7_recovery/grader_20260909/attempts/final_owner_red/FREEZE.json
f7ecfb9f4219c03481b7ad470d2d57560808cd929ab1bdc5b532343348bf5061	4042	a7_recovery/grader_20260909/attempts/final_owner_red/logs/attempt_grader_final_owner_red/ALIGNED_grader_final_owner_red.json
c48ca7e41a520a1a22396a5f8af9afba90a3e6e0098697124709c886407f1460	134	a7_recovery/grader_20260909/attempts/final_owner_red/logs/attempt_grader_final_owner_red/COLLECTION.txt
1d22042e751b5e64748b6f59a63198f424aa579f75b89b33ece2c675a4ccef40	91	a7_recovery/grader_20260909/attempts/final_owner_red/logs/attempt_grader_final_owner_red/IDS_grader_final_owner_red.txt
9ba5615b914789422bfeb6fbbf25f5c172ee91687c2b2d8b68172c2630b58ec2	1681	a7_recovery/grader_20260909/attempts/final_owner_red/logs/attempt_grader_final_owner_red/JUNIT.xml
18464d8601e8e24609444a7f1321c213794753517b33f3f6f0d15374a6d3eac5	1644	a7_recovery/grader_20260909/attempts/final_owner_red/logs/attempt_grader_final_owner_red/REGRESSION_grader_final_owner_red.txt
fb548160c975acf0071d59819c1245a768f64705f13968011e5b870d7d02f978	7573	a7_recovery/grader_20260909/attempts/final_owner_red/regression.py
db426b1d5308289d02a2e59abfbd603a05c69b7013986a688782a57488b2a357	54062	a7_recovery/grader_20260909/attempts/historical_key1/FREEZE.json
5f15c8af951c1ed665934cef898473349a9376389be03dc3a9106d969b617f3f	2141	a7_recovery/grader_20260909/attempts/historical_key1/historical_key_fixture.py
de954a68b4a55d2f21f98039aac1226b357f340145614ccca7b3dc47cb05d552	54063	a7_recovery/grader_20260909/attempts/historical_probe/FREEZE.json
57ea0e4a40fd4f7d983a5cdcf037eb6d088d4842298ea2a2c178565f16e873cf	1279	a7_recovery/grader_20260909/attempts/historical_probe/historical_probe.py
6d6586b2b6514d698201ef56baf7e0a4ec7f8a2e55319be5138146556a70daa6	54078	a7_recovery/grader_20260909/attempts/historical_probe2/FREEZE.json
57ea0e4a40fd4f7d983a5cdcf037eb6d088d4842298ea2a2c178565f16e873cf	1279	a7_recovery/grader_20260909/attempts/historical_probe2/historical_probe.py
3fe76c86064d07ae14c848ffebb99a93be2b8e30b3b0efb1220bc667a6c67864	54078	a7_recovery/grader_20260909/attempts/historical_probe3/FREEZE.json
0f8fea0229c7d04ea289246e685a5e080125ecd66249d8533d34aab325b79f8e	1442	a7_recovery/grader_20260909/attempts/historical_probe3/historical_probe.py
24b479c71d3985c0e8b720a57357f8fda1b1261f350a20c14789fe175e729fd7	2340	a7_recovery/grader_20260909/attempts/historical_probe3/logs/attempt_grader_historical_probe3/HISTORICAL_PROBE.json
9144fc2911c49c9e0bbdf6f98dae0debc66e40dbfa705eb24d6d98dfe0964d25	53308	a7_recovery/grader_20260909/attempts/identity_final1/FREEZE.json
95a61ff939ff36d608e3c58b0df9a28dbf453d77e47acbb6795e6b8420f620ab	3947	a7_recovery/grader_20260909/attempts/identity_final1/logs/attempt_grader_identity_final1/ALIGNED_grader_identity_final1.json
f61515c03ca4980c26e2fc37b8ee48c64c8fab6a6e9d3a7201a75d5d79230235	29326	a7_recovery/grader_20260909/attempts/identity_final1/logs/attempt_grader_identity_final1/COLLECTION.txt
01ba4719c80b6fe911b091a7c05124b64eeece964e09c058ef8f9805daca546b	1	a7_recovery/grader_20260909/attempts/identity_final1/logs/attempt_grader_identity_final1/IDS_grader_identity_final1.txt
97932e4f8145f1100ca822e05baae894fcdc303167de49344e8da38890a2429c	40488	a7_recovery/grader_20260909/attempts/identity_final1/logs/attempt_grader_identity_final1/JUNIT.xml
f359890e75e6a1303f29faaba81b51cb6feea445b66002129ff750167f342587	356	a7_recovery/grader_20260909/attempts/identity_final1/logs/attempt_grader_identity_final1/REGRESSION_grader_identity_final1.txt
fb548160c975acf0071d59819c1245a768f64705f13968011e5b870d7d02f978	7573	a7_recovery/grader_20260909/attempts/identity_final1/regression.py
2fd65d34005093c70b17056b7d764e8a0b5392b1e97491e28b5787f6d8990ff1	52686	a7_recovery/grader_20260909/attempts/input_green1/FREEZE.json
ce74e9ea3bf5d44029bbfbea31149091ecde8885ea5db651f62e4c5d143231dc	3874	a7_recovery/grader_20260909/attempts/input_green1/logs/attempt_grader_input_green1/ALIGNED_grader_input_green1.json
40aca03060723b7617c90b851160d1d81f4e8a83984dff3f01e0a624318b7246	1790	a7_recovery/grader_20260909/attempts/input_green1/logs/attempt_grader_input_green1/COLLECTION.txt
01ba4719c80b6fe911b091a7c05124b64eeece964e09c058ef8f9805daca546b	1	a7_recovery/grader_20260909/attempts/input_green1/logs/attempt_grader_input_green1/IDS_grader_input_green1.txt
065203543835c78149f042b51909de2c33d23b4a80cf3713ebd5e55d431021bd	126	a7_recovery/grader_20260909/attempts/input_green1/logs/attempt_grader_input_green1/REGRESSION_grader_input_green1.txt
babc9e0e801d0e653676ed18973465c98997e7583217aa478c77e0ec9dff26e4	52666	a7_recovery/grader_20260909/attempts/lifecycle1/FREEZE.json
d17cf8585f0cbef461b5e6e0ce3f7a16e3cd74aef9851423e7cc94dbbac49b49	3911	a7_recovery/grader_20260909/attempts/lifecycle1/logs/attempt_grader_lifecycle1/ALIGNED_grader_lifecycle1.json
868d2a8c1b6fa8bec84512ffc27246d432d9300a7758ab39cdec5fde736ee178	7250	a7_recovery/grader_20260909/attempts/lifecycle1/logs/attempt_grader_lifecycle1/COLLECTION.txt
01ba4719c80b6fe911b091a7c05124b64eeece964e09c058ef8f9805daca546b	1	a7_recovery/grader_20260909/attempts/lifecycle1/logs/attempt_grader_lifecycle1/IDS_grader_lifecycle1.txt
5a3ab9ea7add9b5928dde2819ff75f91cfb4454c0e05f1deb226f936e04f2945	196	a7_recovery/grader_20260909/attempts/lifecycle1/logs/attempt_grader_lifecycle1/REGRESSION_grader_lifecycle1.txt
a4e14456130171352f55d4677691fbcddbd0b60ed85b178b779d976fda45c9b2	52853	a7_recovery/grader_20260909/attempts/mut_capture/FREEZE.json
a1fc333c115d00c1bd030bd5823f5a85b90bc2a4141cc5419bd0e4492a4dc46b	24468	a7_recovery/grader_20260909/attempts/mut_capture/logs/attempt_grader_mut_capture/MUTATION.json
fac99f89048b3cd02cd36d84798d66d90919036e3c6c7ff7fdfcad2b6531a903	3755	a7_recovery/grader_20260909/attempts/mut_capture/mutation_probe.py
de88f841c6de7ff53a18f6bff445d869cb663be5fcd4e604122fe723af5bf795	52842	a7_recovery/grader_20260909/attempts/mut_counts/FREEZE.json
73ece4f666920a1ff93cdf8eb6f3e580c24c61bbc041c8549b42dfb3bcf98225	2831	a7_recovery/grader_20260909/attempts/mut_counts/logs/attempt_grader_mut_counts/MUTATION.json
fac99f89048b3cd02cd36d84798d66d90919036e3c6c7ff7fdfcad2b6531a903	3755	a7_recovery/grader_20260909/attempts/mut_counts/mutation_probe.py
cefa0b921b238d045cf9eef8be9c7205026db10572b43548a221d39035bf647b	53292	a7_recovery/grader_20260909/attempts/mut_identity1/FREEZE.json
a2fac14bbad480fb12c997827261a70331791f25d301657ad7720a3ee3bcb0df	6133	a7_recovery/grader_20260909/attempts/mut_identity1/logs/attempt_grader_mut_identity1/MUTATION.json
8305a0657efc418e7f0bc1bc64282fa41e816cae58c1fab14dcd418f0375b31d	3950	a7_recovery/grader_20260909/attempts/mut_identity1/mutation_probe.py
cb50cf69ecbc15cf456ebb9848a55ea22afb70c561cb021b432b0bbbe26a60f7	52842	a7_recovery/grader_20260909/attempts/mut_inputs/FREEZE.json
6262bf00f84771111ee3adb8caf996f0fb97973a1216f7d46f8905270b41e48a	3401	a7_recovery/grader_20260909/attempts/mut_inputs/logs/attempt_grader_mut_inputs/MUTATION.json
fac99f89048b3cd02cd36d84798d66d90919036e3c6c7ff7fdfcad2b6531a903	3755	a7_recovery/grader_20260909/attempts/mut_inputs/mutation_probe.py
cf20e10264ed2708f831c9841598c4fbeb98d212a6094ce3280b55b8031ea312	53962	a7_recovery/grader_20260909/attempts/mut_owner/FREEZE.json
326d892da52f516e3c7c8febbbc8168e0ecf60d674cd7db740418f6818bafb9c	835	a7_recovery/grader_20260909/attempts/mut_owner/logs/attempt_grader_mut_owner/MUTATION.json
73e34df4a5301bbd6794a1b6a31bbe2523f99c10beef1f966866e3b642771ee7	4171	a7_recovery/grader_20260909/attempts/mut_owner/mutation_probe.py
403151b1c2c6ada98383b95cdac1b1cd212b45123756f5b66722ce84c310113f	52853	a7_recovery/grader_20260909/attempts/mut_publish/FREEZE.json
a115ea07aa7781566e61c2350dad329ba9142758a173d0bf30f2ad590cc588ea	1227	a7_recovery/grader_20260909/attempts/mut_publish/logs/attempt_grader_mut_publish/MUTATION.json
fac99f89048b3cd02cd36d84798d66d90919036e3c6c7ff7fdfcad2b6531a903	3755	a7_recovery/grader_20260909/attempts/mut_publish/mutation_probe.py
88e09023fa68f2e359900c49df084e85b2be7d221b2ee1129204a52a4b6ee5ed	52864	a7_recovery/grader_20260909/attempts/mut_schedule/FREEZE.json
76ba3b347bb076e3cb199b961e8e6be79a1ceb897d124fddc2eee508487d6684	7836	a7_recovery/grader_20260909/attempts/mut_schedule/logs/attempt_grader_mut_schedule/MUTATION.json
fac99f89048b3cd02cd36d84798d66d90919036e3c6c7ff7fdfcad2b6531a903	3755	a7_recovery/grader_20260909/attempts/mut_schedule/mutation_probe.py
3b56c7d27b661e6ff2b590b5aae427c5bb307bafcdd2c9f2f994d1cda5c366a9	53292	a7_recovery/grader_20260909/attempts/mut_schedule2/FREEZE.json
591c1a386ef0d67527dfb18ca633584971c9dcab25ee292d51ab1c5e5b3683db	7830	a7_recovery/grader_20260909/attempts/mut_schedule2/logs/attempt_grader_mut_schedule2/MUTATION.json
59772e8966e535b7e96ea1e853afd4f840d3431b65c0c85caa57a53f97487828	3749	a7_recovery/grader_20260909/attempts/mut_schedule2/mutation_probe.py
9a1ec9073ca66a4d906c3a0a9d8645f831cf41c11549c96b3c1844ac37053dea	52864	a7_recovery/grader_20260909/attempts/mut_template/FREEZE.json
af80a006a596025a8382f4da39d5eb8fa261d5fa5daf5e2181aed573353abf84	5396	a7_recovery/grader_20260909/attempts/mut_template/logs/attempt_grader_mut_template/MUTATION.json
fac99f89048b3cd02cd36d84798d66d90919036e3c6c7ff7fdfcad2b6531a903	3755	a7_recovery/grader_20260909/attempts/mut_template/mutation_probe.py
1404d139204ad6f648a425e97c0ed5370fa8ff8bc421ac77e77dd017a2945be3	52831	a7_recovery/grader_20260909/attempts/mutation1/FREEZE.json
dd0b64068e47e3c6719934b109788b685b07408ba21164ec77ab644e8df76509	4532	a7_recovery/grader_20260909/attempts/mutation1/logs/attempt_grader_mutation1/MUTATION.json
fac99f89048b3cd02cd36d84798d66d90919036e3c6c7ff7fdfcad2b6531a903	3755	a7_recovery/grader_20260909/attempts/mutation1/mutation_probe.py
01f489729821b11ca197a0426ef5d6eadcf04d640d1ca960558291e1128cd222	53284	a7_recovery/grader_20260909/attempts/native_final1/FREEZE.json
06c74e42fd5015a351dc90edb46d39e293040e4e4b16d335b7e289f0e2f9e214	4624	a7_recovery/grader_20260909/attempts/native_final1/logs/attempt_grader_native_final1/ALIGNED_grader_native_final1.json
8e290b386676457d6f00afb53f3bb0de3caadc638110da279439ae0ff8edb09f	27823	a7_recovery/grader_20260909/attempts/native_final1/logs/attempt_grader_native_final1/COLLECTION.txt
01ba4719c80b6fe911b091a7c05124b64eeece964e09c058ef8f9805daca546b	1	a7_recovery/grader_20260909/attempts/native_final1/logs/attempt_grader_native_final1/IDS_grader_native_final1.txt
e1da6d14bab2d455c3083b9a6daa4ee5c3e2bd998c3ced876cc1d1071f7f98ca	39350	a7_recovery/grader_20260909/attempts/native_final1/logs/attempt_grader_native_final1/JUNIT.xml
30c10a6bf8901fa63436632f4e2beea90f600599d44f2e5ecaa6f16c968b34ff	733	a7_recovery/grader_20260909/attempts/native_final1/logs/attempt_grader_native_final1/REGRESSION_grader_native_final1.txt
fb548160c975acf0071d59819c1245a768f64705f13968011e5b870d7d02f978	7573	a7_recovery/grader_20260909/attempts/native_final1/regression.py
4da1d6c2cb0f3a54e686e9861c8b48b3ababbe9e82ef40dda81ca6f4db3b0d3d	53284	a7_recovery/grader_20260909/attempts/native_final2/FREEZE.json
c28f40afeab9ebb4cfbd4e3d9c68fe852be24f80295bdafb5d45e563ec4429a1	4624	a7_recovery/grader_20260909/attempts/native_final2/logs/attempt_grader_native_final2/ALIGNED_grader_native_final2.json
baa9959e790f2b3a1bbfd4fb9f774e407994be0c35e58ab3f34292d4395a351f	27823	a7_recovery/grader_20260909/attempts/native_final2/logs/attempt_grader_native_final2/COLLECTION.txt
01ba4719c80b6fe911b091a7c05124b64eeece964e09c058ef8f9805daca546b	1	a7_recovery/grader_20260909/attempts/native_final2/logs/attempt_grader_native_final2/IDS_grader_native_final2.txt
fc99685ffd42b1b154fc7e720a575ee231f3387e6b7f2c23e8d4f4f9e4e916ee	39351	a7_recovery/grader_20260909/attempts/native_final2/logs/attempt_grader_native_final2/JUNIT.xml
597b707db8642cd367051ebd5550c47af009d22b75d5076a77d8068dd2dbe552	733	a7_recovery/grader_20260909/attempts/native_final2/logs/attempt_grader_native_final2/REGRESSION_grader_native_final2.txt
fb548160c975acf0071d59819c1245a768f64705f13968011e5b870d7d02f978	7573	a7_recovery/grader_20260909/attempts/native_final2/regression.py
cf7817f7da4c3b49e14b99caf8284cdd4fdbad68304e165ed6fc5bdcdebccc78	53284	a7_recovery/grader_20260909/attempts/native_final3/FREEZE.json
385bb4c6a697be639f2ee92df82a57b55fdb6a01ae09f3bc33d7ef8cbece3fca	20233	a7_recovery/grader_20260909/attempts/native_final3/logs/attempt_grader_native_final3/ALIGNED_grader_native_final3.json
b3caf854d739428b4821cb07d2fabf7db83010cfc00d4481633a49968b86f06f	57194	a7_recovery/grader_20260909/attempts/native_final3/logs/attempt_grader_native_final3/COLLECTION.txt
df9c7982a1bf8bc2258385979251ed59c0605a42682fd6f532a1a522a9118488	7205	a7_recovery/grader_20260909/attempts/native_final3/logs/attempt_grader_native_final3/IDS_grader_native_final3.txt
a292d055fedde6b3c8b2f6a5777b5d368b1f13392d501906d69f2897a88ea716	269402	a7_recovery/grader_20260909/attempts/native_final3/logs/attempt_grader_native_final3/JUNIT.xml
2e1d565143442bf1a9d7b828ceb74427230ced4a025314d53d57c4ff5d1b37aa	180180	a7_recovery/grader_20260909/attempts/native_final3/logs/attempt_grader_native_final3/REGRESSION_grader_native_final3.txt
fb548160c975acf0071d59819c1245a768f64705f13968011e5b870d7d02f978	7573	a7_recovery/grader_20260909/attempts/native_final3/regression.py
78e94fa931af0c68d3d1a8266caa200ce1f0a07d966f390d005c91cc333eeef2	53284	a7_recovery/grader_20260909/attempts/native_final4/FREEZE.json
94687bac77813f2b79552ac7bb7e0e376e0250c09c1ff8b94681ef5e3783dd5f	4698	a7_recovery/grader_20260909/attempts/native_final4/logs/attempt_grader_native_final4/ALIGNED_grader_native_final4.json
2df1af25fee5222aa8b31327c0731b885c96493c55ee58d4215d8d50a31c7d48	57194	a7_recovery/grader_20260909/attempts/native_final4/logs/attempt_grader_native_final4/COLLECTION.txt
01ba4719c80b6fe911b091a7c05124b64eeece964e09c058ef8f9805daca546b	1	a7_recovery/grader_20260909/attempts/native_final4/logs/attempt_grader_native_final4/IDS_grader_native_final4.txt
7063d3050d42b2aac7df71da01d5b3c1c84ec8414e7438f12dc7b52d65b62e73	79722	a7_recovery/grader_20260909/attempts/native_final4/logs/attempt_grader_native_final4/JUNIT.xml
bac60b67bd69a9837df8514064ca137ad4eda7b69ca47323f45ec65dec8ac798	1053	a7_recovery/grader_20260909/attempts/native_final4/logs/attempt_grader_native_final4/REGRESSION_grader_native_final4.txt
fb548160c975acf0071d59819c1245a768f64705f13968011e5b870d7d02f978	7573	a7_recovery/grader_20260909/attempts/native_final4/regression.py
f5c1c36fdfbcbfe2afa2dd5f369c113bd7a7ea004584a0528ea5c2c099aca261	53284	a7_recovery/grader_20260909/attempts/native_final5/FREEZE.json
9a497703e4c7fcc7a0d74323b7ecbc2c086c5c51bf9c4e65a69b2e550fa8efc8	4698	a7_recovery/grader_20260909/attempts/native_final5/logs/attempt_grader_native_final5/ALIGNED_grader_native_final5.json
042bf74eeb59685b4f22e08a306b158eedb8735141e1e0dbbe7c201d4a67e1b3	57285	a7_recovery/grader_20260909/attempts/native_final5/logs/attempt_grader_native_final5/COLLECTION.txt
01ba4719c80b6fe911b091a7c05124b64eeece964e09c058ef8f9805daca546b	1	a7_recovery/grader_20260909/attempts/native_final5/logs/attempt_grader_native_final5/IDS_grader_native_final5.txt
2f27cab770d35e66593a65e0bbd7fdbaace81148b42ad416d0ea22ec25e0d85b	79853	a7_recovery/grader_20260909/attempts/native_final5/logs/attempt_grader_native_final5/JUNIT.xml
2d82df176495f9dc78152e7027181adde6979f3c9bf4cee0809f72b6b7a3bc9b	1053	a7_recovery/grader_20260909/attempts/native_final5/logs/attempt_grader_native_final5/REGRESSION_grader_native_final5.txt
fb548160c975acf0071d59819c1245a768f64705f13968011e5b870d7d02f978	7573	a7_recovery/grader_20260909/attempts/native_final5/regression.py
67068f57c360e68d277ccc0e68ed6434f980a6c4a2386c83a541d964d2b2c1fd	53284	a7_recovery/grader_20260909/attempts/native_focus3/FREEZE.json
e8b5197fcd571710b0d3748eefe3ebb59364c8a5148960bfa02b3ac84ceed941	4184	a7_recovery/grader_20260909/attempts/native_focus3/logs/attempt_grader_native_focus3/ALIGNED_grader_native_focus3.json
5152b93961f177a8fe65271f966d7d674e252923a4bc56182124153bab5f0316	340	a7_recovery/grader_20260909/attempts/native_focus3/logs/attempt_grader_native_focus3/COLLECTION.txt
01ba4719c80b6fe911b091a7c05124b64eeece964e09c058ef8f9805daca546b	1	a7_recovery/grader_20260909/attempts/native_focus3/logs/attempt_grader_native_focus3/IDS_grader_native_focus3.txt
e33e5ab122fbf6f9995c4c92067f5675fdd88974ae434ec512c4067d938f9b78	336	a7_recovery/grader_20260909/attempts/native_focus3/logs/attempt_grader_native_focus3/REGRESSION_grader_native_focus3.txt
bdf8fe93a6e7124cef6d6d9054ebfb7ee68606b880c507aee80347e7eb3b3f08	7518	a7_recovery/grader_20260909/attempts/native_focus3/regression.py
126c697259534ed3f0dce12675b78162aa89fc6a9d2529a4f4d126c7b033fcf6	53284	a7_recovery/grader_20260909/attempts/native_focus4/FREEZE.json
234d7ba605ff3815307b275929ca7d6b9112bfce0aee3ecc005d9c19d291a97f	4287	a7_recovery/grader_20260909/attempts/native_focus4/logs/attempt_grader_native_focus4/ALIGNED_grader_native_focus4.json
daf7d1190311a3bde4bcbf70c55ab5f613cd07c27aae8c1fd55d58bc3a31fda7	211	a7_recovery/grader_20260909/attempts/native_focus4/logs/attempt_grader_native_focus4/COLLECTION.txt
01ba4719c80b6fe911b091a7c05124b64eeece964e09c058ef8f9805daca546b	1	a7_recovery/grader_20260909/attempts/native_focus4/logs/attempt_grader_native_focus4/IDS_grader_native_focus4.txt
6174483a45d7c347f9142c48f0e85b96cf0c67b5f893eb7936e4a4212464b0ca	493	a7_recovery/grader_20260909/attempts/native_focus4/logs/attempt_grader_native_focus4/JUNIT.xml
031af42a15334c323aebf5399a3c1253b36bdd128072644d627e7393f1ae9420	114	a7_recovery/grader_20260909/attempts/native_focus4/logs/attempt_grader_native_focus4/REGRESSION_grader_native_focus4.txt
fb548160c975acf0071d59819c1245a768f64705f13968011e5b870d7d02f978	7573	a7_recovery/grader_20260909/attempts/native_focus4/regression.py
c92aacd959979eeedc8e4153cb66bbff55aabeb5fd689ca584de226d8312ecc5	54038	a7_recovery/grader_20260909/attempts/ordinary_final1/FREEZE.json
fb548160c975acf0071d59819c1245a768f64705f13968011e5b870d7d02f978	7573	a7_recovery/grader_20260909/attempts/ordinary_final1/regression.py
a840a926033f741ff98a5bf08323d64a042ee6f28cdaabeb69faef2090a34512	54038	a7_recovery/grader_20260909/attempts/ordinary_final2/FREEZE.json
79c472bd9ca4e275a33b0bc2c4baaf40d777553816921580426e629829d3a16d	5562	a7_recovery/grader_20260909/attempts/ordinary_final2/logs/attempt_grader_ordinary_final2/ALIGNED_grader_ordinary_final2.json
7e39aeeb897e4cce04ecebf23bc58ab3d9b6c5c7933cc3e2cd3ee0b3e03d01af	92742	a7_recovery/grader_20260909/attempts/ordinary_final2/logs/attempt_grader_ordinary_final2/COLLECTION.txt
01ba4719c80b6fe911b091a7c05124b64eeece964e09c058ef8f9805daca546b	1	a7_recovery/grader_20260909/attempts/ordinary_final2/logs/attempt_grader_ordinary_final2/IDS_grader_ordinary_final2.txt
1de57b09e3fb4b2350a02ce21430dc6fc3b71f22bedaaca59a9b76c1c0628a5d	135859	a7_recovery/grader_20260909/attempts/ordinary_final2/logs/attempt_grader_ordinary_final2/JUNIT.xml
e88af60f66d8ca23bcb3d887d8fb76cce8afe9420c8da342ea49f964ea817667	2450	a7_recovery/grader_20260909/attempts/ordinary_final2/logs/attempt_grader_ordinary_final2/REGRESSION_grader_ordinary_final2.txt
fb548160c975acf0071d59819c1245a768f64705f13968011e5b870d7d02f978	7573	a7_recovery/grader_20260909/attempts/ordinary_final2/regression.py
bcfa3d235f40763a00021e2c89d8121538e9ace1599480fb8c8e9db6f313a899	54038	a7_recovery/grader_20260909/attempts/ordinary_final3/FREEZE.json
f4a8e83a02f099341a606627722a5fe0a7e104c7bbd36704f8b6851a565ba348	5562	a7_recovery/grader_20260909/attempts/ordinary_final3/logs/attempt_grader_ordinary_final3/ALIGNED_grader_ordinary_final3.json
dbc545eeb5fbe82920e1d819d5cc4f4300bae648cf68fffc291bc2031fe80d50	92742	a7_recovery/grader_20260909/attempts/ordinary_final3/logs/attempt_grader_ordinary_final3/COLLECTION.txt
01ba4719c80b6fe911b091a7c05124b64eeece964e09c058ef8f9805daca546b	1	a7_recovery/grader_20260909/attempts/ordinary_final3/logs/attempt_grader_ordinary_final3/IDS_grader_ordinary_final3.txt
da0db81338cfd61c08fabf1351ef5c3365a420e6c127a1d0701842dbd74f80dc	135859	a7_recovery/grader_20260909/attempts/ordinary_final3/logs/attempt_grader_ordinary_final3/JUNIT.xml
5979fc7b5b1ec3e5d0b3d831889738757b13f131ecfb67a8a17b8bcad3bf244a	2450	a7_recovery/grader_20260909/attempts/ordinary_final3/logs/attempt_grader_ordinary_final3/REGRESSION_grader_ordinary_final3.txt
fb548160c975acf0071d59819c1245a768f64705f13968011e5b870d7d02f978	7573	a7_recovery/grader_20260909/attempts/ordinary_final3/regression.py
f0291a0cc813bbf216c3204baadb74c4d350b1db073cf9fb4031b3cb95b9f03c	54038	a7_recovery/grader_20260909/attempts/ordinary_final4/FREEZE.json
48811f91a7519a51bd62e96127850ea166ed38250b7811ed061ac2e593422eaa	5562	a7_recovery/grader_20260909/attempts/ordinary_final4/logs/attempt_grader_ordinary_final4/ALIGNED_grader_ordinary_final4.json
dbc545eeb5fbe82920e1d819d5cc4f4300bae648cf68fffc291bc2031fe80d50	92742	a7_recovery/grader_20260909/attempts/ordinary_final4/logs/attempt_grader_ordinary_final4/COLLECTION.txt
01ba4719c80b6fe911b091a7c05124b64eeece964e09c058ef8f9805daca546b	1	a7_recovery/grader_20260909/attempts/ordinary_final4/logs/attempt_grader_ordinary_final4/IDS_grader_ordinary_final4.txt
73869f618b7501cf44a42a54f1b223a25a4ca01d47214cc872c2e753e990b79c	135859	a7_recovery/grader_20260909/attempts/ordinary_final4/logs/attempt_grader_ordinary_final4/JUNIT.xml
67ea1d45a60bce99c01553be881300e9c638184dbb78cfd39de5826096db1952	2450	a7_recovery/grader_20260909/attempts/ordinary_final4/logs/attempt_grader_ordinary_final4/REGRESSION_grader_ordinary_final4.txt
fb548160c975acf0071d59819c1245a768f64705f13968011e5b870d7d02f978	7573	a7_recovery/grader_20260909/attempts/ordinary_final4/regression.py
501acdc575447abd2fc5e4e141c86c9752925380a4a6151766e30d5acec792f6	54038	a7_recovery/grader_20260909/attempts/ordinary_focus3/FREEZE.json
28d65d0e49c2d956b59abbdfaf9be40fe7cd02cbd48aa72db94f858b56f8c8a7	7214	a7_recovery/grader_20260909/attempts/ordinary_focus3/logs/attempt_grader_ordinary_focus3/ALIGNED_grader_ordinary_focus3.json
45bccabe25718a0c799648def3970d37ea1685af86d7bb1a7bed3197bc0b3246	861	a7_recovery/grader_20260909/attempts/ordinary_focus3/logs/attempt_grader_ordinary_focus3/COLLECTION.txt
1104bac96770144fcf71e6228f85d973dd507f59ca7d03447a2339560aea5d82	816	a7_recovery/grader_20260909/attempts/ordinary_focus3/logs/attempt_grader_ordinary_focus3/IDS_grader_ordinary_focus3.txt
ec6391d49dd942ddb4841f9d02391d27253e1fab392cbfd7bdf69cabcc4f17f5	9953	a7_recovery/grader_20260909/attempts/ordinary_focus3/logs/attempt_grader_ordinary_focus3/REGRESSION_grader_ordinary_focus3.txt
bdf8fe93a6e7124cef6d6d9054ebfb7ee68606b880c507aee80347e7eb3b3f08	7518	a7_recovery/grader_20260909/attempts/ordinary_focus3/regression.py
e7791f89a424c273f5b496ab7d7a599c6a3b895879831b7356c79f7957203c09	54038	a7_recovery/grader_20260909/attempts/ordinary_focus4/FREEZE.json
4a8783bf33a416666ed839863d8703cad2d073fb0d99d11467fb80ec242c99ec	5618	a7_recovery/grader_20260909/attempts/ordinary_focus4/logs/attempt_grader_ordinary_focus4/ALIGNED_grader_ordinary_focus4.json
45bccabe25718a0c799648def3970d37ea1685af86d7bb1a7bed3197bc0b3246	861	a7_recovery/grader_20260909/attempts/ordinary_focus4/logs/attempt_grader_ordinary_focus4/COLLECTION.txt
66271a145baa25e80b3cfc396e63101976d8cc9983a53cc8e9de50a011c71c70	80	a7_recovery/grader_20260909/attempts/ordinary_focus4/logs/attempt_grader_ordinary_focus4/IDS_grader_ordinary_focus4.txt
b73d33e8a11d5184805efec070c311841d4c5bc5c058eb058ec11d85a4b165e2	4873	a7_recovery/grader_20260909/attempts/ordinary_focus4/logs/attempt_grader_ordinary_focus4/JUNIT.xml
80a3118a39889717abe8be5aeb6b43055b3a010bbaf660f59dcbc0da35593c23	3747	a7_recovery/grader_20260909/attempts/ordinary_focus4/logs/attempt_grader_ordinary_focus4/REGRESSION_grader_ordinary_focus4.txt
fb548160c975acf0071d59819c1245a768f64705f13968011e5b870d7d02f978	7573	a7_recovery/grader_20260909/attempts/ordinary_focus4/regression.py
916fe78cebc7fc82c2f3302de06c599318a08385b3bfa55cbafe7baed9ea37b6	54038	a7_recovery/grader_20260909/attempts/ordinary_focus5/FREEZE.json
7fe2cf01de8100e15be188bf43cbbb0f54ff9b917a79707aea394945f911476a	3920	a7_recovery/grader_20260909/attempts/ordinary_focus5/logs/attempt_grader_ordinary_focus5/ALIGNED_grader_ordinary_focus5.json
d641da4b4157adf837efa19b83bfba5fc7a87cc60919eaf6dd0f21106efed92b	123	a7_recovery/grader_20260909/attempts/ordinary_focus5/logs/attempt_grader_ordinary_focus5/COLLECTION.txt
01ba4719c80b6fe911b091a7c05124b64eeece964e09c058ef8f9805daca546b	1	a7_recovery/grader_20260909/attempts/ordinary_focus5/logs/attempt_grader_ordinary_focus5/IDS_grader_ordinary_focus5.txt
371edc06d1c79f27ac7f30323ea727da2fc9589e2d470caf02cdb81c7c549a8d	366	a7_recovery/grader_20260909/attempts/ordinary_focus5/logs/attempt_grader_ordinary_focus5/JUNIT.xml
515620a8fe7c7d26797c684694846fdedca36491679e35179c563fe4c15d84fd	114	a7_recovery/grader_20260909/attempts/ordinary_focus5/logs/attempt_grader_ordinary_focus5/REGRESSION_grader_ordinary_focus5.txt
fb548160c975acf0071d59819c1245a768f64705f13968011e5b870d7d02f978	7573	a7_recovery/grader_20260909/attempts/ordinary_focus5/regression.py
a8c3d44af9258787955ff552e69cc09ea228b83c5385241d15f1043104a3bf60	51422	a7_recovery/grader_20260909/attempts/ordinary_full1/FREEZE.json
e53fb63666929ce5669a5a2dd6a6b1323e5143bb77e7ddb04e9937e4f45c724e	15796	a7_recovery/grader_20260909/attempts/ordinary_full1/logs/attempt_grader_ordinary_full1/ALIGNED_grader_ordinary_full1.json
2a01e3c2c991c01d285cb7fcdfd18b92f934130f024f5c16ba046840e2ed8f1f	100256	a7_recovery/grader_20260909/attempts/ordinary_full1/logs/attempt_grader_ordinary_full1/COLLECTION.txt
1ba00ea637e6253e5c8f56ed44f05a225c61aae3b24302d695b9bf43c24e190f	7985	a7_recovery/grader_20260909/attempts/ordinary_full1/logs/attempt_grader_ordinary_full1/IDS_grader_ordinary_full1.txt
2fde9dd673b87108718109081eb72c0956e4d83990796ec0d00b329d06aa3809	350035	a7_recovery/grader_20260909/attempts/ordinary_full1/logs/attempt_grader_ordinary_full1/REGRESSION_grader_ordinary_full1.txt
2fe64063b42977b853db2811b23d2dabdf2787e8bc451516135943e2802c8745	54024	a7_recovery/grader_20260909/attempts/ordinary_full2/FREEZE.json
5feeaa638c62648e864c10390c8150aeaddd6ab022fae9ba121b7e79cd010c36	5691	a7_recovery/grader_20260909/attempts/ordinary_full2/logs/attempt_grader_ordinary_full2/ALIGNED_grader_ordinary_full2.json
e4f82ed8c669488af06f178d80073d467d06949edcfa8d9297a8ec83913f94d0	92742	a7_recovery/grader_20260909/attempts/ordinary_full2/logs/attempt_grader_ordinary_full2/COLLECTION.txt
2bb9aabc0aadbc0ad81fa3ff249d11d14b069cfbd6583be366a3f429bafbd242	189	a7_recovery/grader_20260909/attempts/ordinary_full2/logs/attempt_grader_ordinary_full2/IDS_grader_ordinary_full2.txt
45b4c37033d0b103562609173a88e35fe2a9f381d906b4471366025ef63eb82e	7871	a7_recovery/grader_20260909/attempts/ordinary_full2/logs/attempt_grader_ordinary_full2/REGRESSION_grader_ordinary_full2.txt
8ecc00b3f9c610b71a492f5d2f7c82d9836b7222debd4fde6275eab7a5430ad1	7384	a7_recovery/grader_20260909/attempts/ordinary_full2/regression.py
966d7f1d4b6bcc0f1eb4440645210fefa1eedec307b8d88fa41460670b66587e	54066	a7_recovery/grader_20260909/attempts/ordinary_recheck2/FREEZE.json
b628e5968cbf177cdeffc947d23d3bbf5c3600d15a097c4c1fe89f94f502bbfe	15264	a7_recovery/grader_20260909/attempts/ordinary_recheck2/logs/attempt_grader_ordinary_recheck2/ALIGNED_grader_ordinary_recheck2.json
9c43427ebb64082e7f6a4a46e800e2dcd9f32a3fd65b3f5acdecbfe4ffe793f7	5196	a7_recovery/grader_20260909/attempts/ordinary_recheck2/logs/attempt_grader_ordinary_recheck2/COLLECTION.txt
4e48f56d9605025bf61634bccfff7b0560539df32a4f4aeb7eee982d200c832b	473	a7_recovery/grader_20260909/attempts/ordinary_recheck2/logs/attempt_grader_ordinary_recheck2/IDS_grader_ordinary_recheck2.txt
177d2af1cc64827a7cf81d932f862da3fba0e925da7188546ef589c921964928	8746	a7_recovery/grader_20260909/attempts/ordinary_recheck2/logs/attempt_grader_ordinary_recheck2/REGRESSION_grader_ordinary_recheck2.txt
8ecc00b3f9c610b71a492f5d2f7c82d9836b7222debd4fde6275eab7a5430ad1	7384	a7_recovery/grader_20260909/attempts/ordinary_recheck2/regression.py
c413b6f33ff6886d764084c719994ecd730c7fb04b2b0bb395ce023306e7ae14	50408	a7_recovery/grader_20260909/attempts/path1/FREEZE.json
86d2f18c60381e9a061c270853a2fb5793b9c806e38d778d7257868dfa7b39a2	51231	a7_recovery/grader_20260909/attempts/path2/FREEZE.json
53c2eb064de3347aaea1125267fd9808e23b853e6c012880018d6489d0bd8c41	51231	a7_recovery/grader_20260909/attempts/path3/FREEZE.json
538e5e708ca52df28ebc667e14775ade653792e4bc44e7d253c9c86ea6d3588f	51231	a7_recovery/grader_20260909/attempts/path4/FREEZE.json
f5945af00051d5bedda3e908dba099c5bd6926139afe598da0a89e584de2f274	51761	a7_recovery/grader_20260909/attempts/path5/FREEZE.json
6563391de19ec8d931647c946ca19ee833a1f675701e940e6daf67daf888743b	760	a7_recovery/grader_20260909/attempts/path5/logs/attempt_grader_path5/G1_PINS.json
e7c5d364c9321ace7dfcfcd1258405c55ab2b98de028483a791710db63ea8cf9	1034	a7_recovery/grader_20260909/attempts/path5/logs/attempt_grader_path5/PRODUCER.json
f65857bc27fd59b0fc28fcfca89cfa596fccc7cde8a6a60dcf742a19ceb02c94	20122	a7_recovery/grader_20260909/attempts/path5/logs/attempt_grader_path5/reference_inventory.json
47e15cdc27332fc3334b3bd9830c75c57104dcf376e5fd9db9544f1b6c902d50	51761	a7_recovery/grader_20260909/attempts/path6/FREEZE.json
788f367783992e8266f2c22842e73ff2c0c942e3d9716a07137811a708557636	760	a7_recovery/grader_20260909/attempts/path6/logs/attempt_grader_path6/G1_PINS.json
b8483ba5fd215084e821039b786a3ee4978fc512bee2b166f59708b0fa8d3122	1034	a7_recovery/grader_20260909/attempts/path6/logs/attempt_grader_path6/PRODUCER.json
f65857bc27fd59b0fc28fcfca89cfa596fccc7cde8a6a60dcf742a19ceb02c94	20122	a7_recovery/grader_20260909/attempts/path6/logs/attempt_grader_path6/reference_inventory.json
e05468928d9fde5ece555703020395665f380f71d81048c31e1f879e24ac3986	51761	a7_recovery/grader_20260909/attempts/path7/FREEZE.json
313b0bd29a8c095c1576776837356f207ed863220a0513e4f40fa23eae948684	760	a7_recovery/grader_20260909/attempts/path7/logs/attempt_grader_path7/G1_PINS.json
390b2201478cb7a32c0d2bbc7472f6e5b41c77c1bbde471845e9eb88c84ae637	4980	a7_recovery/grader_20260909/attempts/path7/logs/attempt_grader_path7/OFFICIAL_DECISION.json
4584423c6f81f4d7723d82c848db7d0c2e11a53c6ccff6f3dff0aa083215f4d0	12182	a7_recovery/grader_20260909/attempts/path7/logs/attempt_grader_path7/OFFLINE_PATH.json
91e38fb27015b63f3b0a7a1f9fd97a2c5e7845eed7bb3abf2b0041599bb02c50	1034	a7_recovery/grader_20260909/attempts/path7/logs/attempt_grader_path7/PRODUCER.json
f65857bc27fd59b0fc28fcfca89cfa596fccc7cde8a6a60dcf742a19ceb02c94	20122	a7_recovery/grader_20260909/attempts/path7/logs/attempt_grader_path7/reference_inventory.json
5e7ea1ca7913cb449db078577a2d1e42040522e1656f48ebd3c87292c2cf3635	52849	a7_recovery/grader_20260909/attempts/path_final1/FREEZE.json
0a35367f6d755022c857b3f9064dbbd87ca2482723593d2dc5f081f67c8c63c3	772	a7_recovery/grader_20260909/attempts/path_final1/logs/attempt_grader_path_final1/G1_PINS.json
390b2201478cb7a32c0d2bbc7472f6e5b41c77c1bbde471845e9eb88c84ae637	4980	a7_recovery/grader_20260909/attempts/path_final1/logs/attempt_grader_path_final1/OFFICIAL_DECISION.json
5c4f428b624b1a0cbaed4783f6b8da9f093355b63463b6f752ad8209a6b589c7	12230	a7_recovery/grader_20260909/attempts/path_final1/logs/attempt_grader_path_final1/OFFLINE_PATH.json
8767b1bc179ae820af20aa32f181eafc08f8cee6b561fcaa421beaeaccdf6023	1040	a7_recovery/grader_20260909/attempts/path_final1/logs/attempt_grader_path_final1/PRODUCER.json
f65857bc27fd59b0fc28fcfca89cfa596fccc7cde8a6a60dcf742a19ceb02c94	20122	a7_recovery/grader_20260909/attempts/path_final1/logs/attempt_grader_path_final1/reference_inventory.json
502ff297daa25f037df1f96b1ad2e2d6fdfd0994b83d578feaff17c4f9537af2	7860	a7_recovery/grader_20260909/attempts/path_final1/offline_path.py
5ffa611ead2bb47f1a4c52463d33853891c5a7fa27bfa8a1335beb2114d52dba	52849	a7_recovery/grader_20260909/attempts/path_final2/FREEZE.json
5faa2eb771b7600b5e7d5b5067d956a55156d329ca9b3ef79cc5c5ab60d1060d	772	a7_recovery/grader_20260909/attempts/path_final2/logs/attempt_grader_path_final2/G1_PINS.json
390b2201478cb7a32c0d2bbc7472f6e5b41c77c1bbde471845e9eb88c84ae637	4980	a7_recovery/grader_20260909/attempts/path_final2/logs/attempt_grader_path_final2/OFFICIAL_DECISION.json
42f0add02b2ba6424b1fcd4eb917579066b64016029fb391686a92fe6e33a06e	12230	a7_recovery/grader_20260909/attempts/path_final2/logs/attempt_grader_path_final2/OFFLINE_PATH.json
be5a6750ac0d2c50c164cfcd64e1ec227c0559f14930b55e343ee3b4e0a2088f	1040	a7_recovery/grader_20260909/attempts/path_final2/logs/attempt_grader_path_final2/PRODUCER.json
f65857bc27fd59b0fc28fcfca89cfa596fccc7cde8a6a60dcf742a19ceb02c94	20122	a7_recovery/grader_20260909/attempts/path_final2/logs/attempt_grader_path_final2/reference_inventory.json
502ff297daa25f037df1f96b1ad2e2d6fdfd0994b83d578feaff17c4f9537af2	7860	a7_recovery/grader_20260909/attempts/path_final2/offline_path.py
3a18062117f6dd974db9689bdebd60152bdf82277f4d4a2bbbf80ef3362dcca7	52849	a7_recovery/grader_20260909/attempts/path_final3/FREEZE.json
54a388fc95cb0dff33a7bab46613c0a0a2e583d1aceb0af2ada1cff401909a66	772	a7_recovery/grader_20260909/attempts/path_final3/logs/attempt_grader_path_final3/G1_PINS.json
390b2201478cb7a32c0d2bbc7472f6e5b41c77c1bbde471845e9eb88c84ae637	4980	a7_recovery/grader_20260909/attempts/path_final3/logs/attempt_grader_path_final3/OFFICIAL_DECISION.json
b7581d8c99c66a20d82ee9da81b384d4ce02e793e4c13401ef7a1300c490bcbe	12230	a7_recovery/grader_20260909/attempts/path_final3/logs/attempt_grader_path_final3/OFFLINE_PATH.json
f2b4b69abe9b2914e02054a1aa05d25f99282f4be8ea261d4135b987097463f3	1040	a7_recovery/grader_20260909/attempts/path_final3/logs/attempt_grader_path_final3/PRODUCER.json
f65857bc27fd59b0fc28fcfca89cfa596fccc7cde8a6a60dcf742a19ceb02c94	20122	a7_recovery/grader_20260909/attempts/path_final3/logs/attempt_grader_path_final3/reference_inventory.json
502ff297daa25f037df1f96b1ad2e2d6fdfd0994b83d578feaff17c4f9537af2	7860	a7_recovery/grader_20260909/attempts/path_final3/offline_path.py
51580c38c7aee447807ee99add47ef974f0f0213fd33b95269291ea1bd459d94	52453	a7_recovery/grader_20260909/attempts/path_final4/FREEZE.json
502ff297daa25f037df1f96b1ad2e2d6fdfd0994b83d578feaff17c4f9537af2	7860	a7_recovery/grader_20260909/attempts/path_final4/offline_path.py
1d10ed1f443dc795d1663489c71cbd6104a29bb66e38542ca655801f755f6f85	52453	a7_recovery/grader_20260909/attempts/path_final5/FREEZE.json
7ddb8f81bd860da4c27857d7b634258a156e2c807d6a24703e3771c18bf9415f	772	a7_recovery/grader_20260909/attempts/path_final5/logs/attempt_grader_path_final5/G1_PINS.json
390b2201478cb7a32c0d2bbc7472f6e5b41c77c1bbde471845e9eb88c84ae637	4980	a7_recovery/grader_20260909/attempts/path_final5/logs/attempt_grader_path_final5/OFFICIAL_DECISION.json
c5f30cbd185ce00843dd72a5ea04d847405f24f1f6de9e179747d015e667d1d1	12230	a7_recovery/grader_20260909/attempts/path_final5/logs/attempt_grader_path_final5/OFFLINE_PATH.json
299274d9add50a6f75b062f6c3c08e94434f296d96ba445a2314889de3bc1a35	1040	a7_recovery/grader_20260909/attempts/path_final5/logs/attempt_grader_path_final5/PRODUCER.json
f65857bc27fd59b0fc28fcfca89cfa596fccc7cde8a6a60dcf742a19ceb02c94	20122	a7_recovery/grader_20260909/attempts/path_final5/logs/attempt_grader_path_final5/reference_inventory.json
f23ca5a03cdcb196f68bdcd765e6085325f7af91dcc5bb2133b86fbff885071b	8205	a7_recovery/grader_20260909/attempts/path_final5/offline_path.py
95a8c006150a552d042c7ae47277aaa10bc1dbce541ac72ee6bacc2f73d7aeb7	52746	a7_recovery/grader_20260909/attempts/publication_green1/FREEZE.json
6d62d7bb9290905fd479f4b21dfa4df7128d3cd8d9947a809f4971f35007e98f	3897	a7_recovery/grader_20260909/attempts/publication_green1/logs/attempt_grader_publication_green1/ALIGNED_grader_publication_green1.json
3cd6b78568b6fb63207a5c093b2b4551d98f5b0079f86680cf28dd620f7620ad	1881	a7_recovery/grader_20260909/attempts/publication_green1/logs/attempt_grader_publication_green1/COLLECTION.txt
01ba4719c80b6fe911b091a7c05124b64eeece964e09c058ef8f9805daca546b	1	a7_recovery/grader_20260909/attempts/publication_green1/logs/attempt_grader_publication_green1/IDS_grader_publication_green1.txt
30961c9f7db088406f7dd34f934199d0578609024992408ed4fc7e7062f36276	116	a7_recovery/grader_20260909/attempts/publication_green1/logs/attempt_grader_publication_green1/REGRESSION_grader_publication_green1.txt
8106a41b51cf41f9a21bfde43070539858baf7135fc0b210f1c86484668ddb45	52716	a7_recovery/grader_20260909/attempts/publication_red/FREEZE.json
08bb0cc038612fa17b3504a843b03cce076b3cfae7adc51ea5622c93d7c3f77e	5206	a7_recovery/grader_20260909/attempts/publication_red/logs/attempt_grader_publication_red/ALIGNED_grader_publication_red.json
3cd6b78568b6fb63207a5c093b2b4551d98f5b0079f86680cf28dd620f7620ad	1881	a7_recovery/grader_20260909/attempts/publication_red/logs/attempt_grader_publication_red/COLLECTION.txt
6213b622c1fb23dd64ad5d36da08fcd65151c3b14c2e1fac68eba8eab3a24d24	1214	a7_recovery/grader_20260909/attempts/publication_red/logs/attempt_grader_publication_red/IDS_grader_publication_red.txt
b5bed50a505357e38d812b6b5426fbfdf83a2adc880e3671c65db6a978d4285f	36646	a7_recovery/grader_20260909/attempts/publication_red/logs/attempt_grader_publication_red/REGRESSION_grader_publication_red.txt
ddb5404b6c25dfbae2ac2718ac17ca0294a25d2bdf74cd9f810fd7eb441d9a5a	53996	a7_recovery/grader_20260909/attempts/scorer_full1/FREEZE.json
7f1e73c417fb150b99aa2ec55d81ca7366de214069e44b2604f7f66f93311fa4	4521	a7_recovery/grader_20260909/attempts/scorer_full1/logs/attempt_grader_scorer_full1/ALIGNED_grader_scorer_full1.json
870642e9d0c71771bb1347744b337e2dec6dc9dd6eecff047feb0972b382a0e9	57048	a7_recovery/grader_20260909/attempts/scorer_full1/logs/attempt_grader_scorer_full1/COLLECTION.txt
00c305feff615aa0e5296a322058ed22018c778c6d7844f513580f0c5b81f984	707	a7_recovery/grader_20260909/attempts/scorer_full1/logs/attempt_grader_scorer_full1/IDS_grader_scorer_full1.txt
dc58f63b316e5c5237284d79c4947b06779df4062fcef73db56b9c93a04ad51c	18903	a7_recovery/grader_20260909/attempts/scorer_full1/logs/attempt_grader_scorer_full1/REGRESSION_grader_scorer_full1.txt
8ecc00b3f9c610b71a492f5d2f7c82d9836b7222debd4fde6275eab7a5430ad1	7384	a7_recovery/grader_20260909/attempts/scorer_full1/regression.py
421de7af8651f886efcfc9574d658b062cdf989d155cbae95738171815ed7310	51964	a7_recovery/grader_20260909/attempts/source_final1/FREEZE.json
0b481d350fd92a2d4366c99024b2593c24dcc53ad5fd0a00ccae6a540aff8c5f	3707	a7_recovery/grader_20260909/attempts/source_final1/logs/attempt_grader_source_final1/LIFECYCLE_grader_source_final1.json
b2cb971db0aeb1796ab3970d9761064c70a3ee85824bb0905c4d724a19885987	874	a7_recovery/grader_20260909/attempts/source_final1/logs/attempt_grader_source_final1/REAL_PARTIAL_RECEIPT.json
b50ce2c004873b9c4463e017ed5f18d63d039a19a813449e2d3164b5c7a462d8	18679	a7_recovery/grader_20260909/attempts/source_final1/logs/attempt_grader_source_final1/REAL_SOURCE_PROOF.json
f57941fea8eb4357064a11f0e1a04d5f3e702bc5e0e7729c93631a95dee7aff8	6691	a7_recovery/grader_20260909/attempts/source_final1/logs/attempt_grader_source_final1/SOURCE_HANDOFF_MUTATION.json
55a38086fec5a04bba1658a9ce9c1dc894f82071b59fa4ec6a08958775f1dd8d	12754	a7_recovery/grader_20260909/attempts/source_final1/logs/attempt_grader_source_final1/receipt.json
28d8a4e933f1d7f9033f10c13ccedb1d2218505f3f1ba5a685b84955a87a759e	13688	a7_recovery/grader_20260909/attempts/source_final1/logs/attempt_grader_source_final1/receipt_missing_handoff.json
28d81cf7fe5bf81bf9fc4326716fcc2abb8a6d3ab84147255de2ca8f58796b49	12420	a7_recovery/grader_20260909/attempts/source_final1/logs/attempt_grader_source_final1/receipt_missing_result.json
3d88afe017da54ec44fa34223d5006c906d0711f653fbc3e9e273fea59b0b62c	13097	a7_recovery/grader_20260909/attempts/source_final1/logs/attempt_grader_source_final1/receipt_repeat_event.json
b95b2d942ca426aa4e893c4959cba7c99b5c0d92a5069b23affc70b1a4dea14c	13080	a7_recovery/grader_20260909/attempts/source_final1/logs/attempt_grader_source_final1/receipt_repeat_sign.json
31085b2e1c7c78053137074f9e37c2ed18825c50a872b36939ac04aa808782d2	12766	a7_recovery/grader_20260909/attempts/source_final1/logs/attempt_grader_source_final1/receipt_wrong_prompt.json
af717b9133f22a37e37f764c7cccb03a7bd56d9778dc5563930ffa4a53c9de0b	12754	a7_recovery/grader_20260909/attempts/source_final1/logs/attempt_grader_source_final1/receipt_wrong_raw.json
9fb011dd0e3277baa3155fdca8a11d4fbe28f7791119d66874506bfd0da35a0b	12754	a7_recovery/grader_20260909/attempts/source_final1/logs/attempt_grader_source_final1/receipt_wrong_transcript.json
823e580e576abd991444bc915c90239c09f864362990b575af33a2e04b6fe0cc	93	a7_recovery/grader_20260909/attempts/source_final1/logs/attempt_grader_source_final1/subscription.json
de800be5a1f5669d615688abe5b944730820454e777e92c6c826155e71ff2484	6426	a7_recovery/grader_20260909/attempts/source_final1/source_paths.py
d607cb727adbc4f1b111677c4b22e492283091a7f20aad908cf92957a95c01ff	51964	a7_recovery/grader_20260909/attempts/source_final2/FREEZE.json
702e3ff3e016fbca6741a10325c0e776a8c361cc1abf0e5642fa41448add59d6	3707	a7_recovery/grader_20260909/attempts/source_final2/logs/attempt_grader_source_final2/LIFECYCLE_grader_source_final2.json
b2cb971db0aeb1796ab3970d9761064c70a3ee85824bb0905c4d724a19885987	874	a7_recovery/grader_20260909/attempts/source_final2/logs/attempt_grader_source_final2/REAL_PARTIAL_RECEIPT.json
b50ce2c004873b9c4463e017ed5f18d63d039a19a813449e2d3164b5c7a462d8	18679	a7_recovery/grader_20260909/attempts/source_final2/logs/attempt_grader_source_final2/REAL_SOURCE_PROOF.json
43c6aeedc3aaf27c9b9904a84667b9258c1471e89b8486b8629a4ba6e1e842a7	6691	a7_recovery/grader_20260909/attempts/source_final2/logs/attempt_grader_source_final2/SOURCE_HANDOFF_MUTATION.json
2f67cf2deaaa9a5294b7eefdf12a4d8c8fa265c96d453d040696443e111e63d5	12754	a7_recovery/grader_20260909/attempts/source_final2/logs/attempt_grader_source_final2/receipt.json
9d418cff05fa788c09aa0de3847fec27fc6a22f3a80c78b4ca32455ec6b51fcf	13688	a7_recovery/grader_20260909/attempts/source_final2/logs/attempt_grader_source_final2/receipt_missing_handoff.json
68a204e6cbb70597e9f81a5a18cc07656fe35bab6065fcd9ef5a257cea8f3dfa	12420	a7_recovery/grader_20260909/attempts/source_final2/logs/attempt_grader_source_final2/receipt_missing_result.json
7811cebf75394d5bab4cdc68cbbb2b504accc719153596308fd7fc20aaa05967	13097	a7_recovery/grader_20260909/attempts/source_final2/logs/attempt_grader_source_final2/receipt_repeat_event.json
1766c5e3a5f5682b942162f64d5b1dc1d8a2f03c98a0ed13b92a6e6966fc0a6d	13080	a7_recovery/grader_20260909/attempts/source_final2/logs/attempt_grader_source_final2/receipt_repeat_sign.json
a58b5d0bd51674de92f365fbd430022138dd2c4c53b82bb24a60890fd331f9b9	12766	a7_recovery/grader_20260909/attempts/source_final2/logs/attempt_grader_source_final2/receipt_wrong_prompt.json
f8f27146d8594945e4a7ad1a3ef921b68abe73b9a085d4b0bca338ce996ec3ae	12754	a7_recovery/grader_20260909/attempts/source_final2/logs/attempt_grader_source_final2/receipt_wrong_raw.json
52833953cf9b25c6887009102703491ccb086639574219b69925ad3f5a45c9d1	12754	a7_recovery/grader_20260909/attempts/source_final2/logs/attempt_grader_source_final2/receipt_wrong_transcript.json
823e580e576abd991444bc915c90239c09f864362990b575af33a2e04b6fe0cc	93	a7_recovery/grader_20260909/attempts/source_final2/logs/attempt_grader_source_final2/subscription.json
de800be5a1f5669d615688abe5b944730820454e777e92c6c826155e71ff2484	6426	a7_recovery/grader_20260909/attempts/source_final2/source_paths.py
8f13aef66b11fbfe2c7f2a28d69799268f07fe26631c9cfc734dc508818bf63d	53094	a7_recovery/grader_20260909/attempts/trace_green1/FREEZE.json
a050433000a3b4c94a70020a3437d69940606b1217ced613137decf298995af8	4070	a7_recovery/grader_20260909/attempts/trace_green1/logs/attempt_grader_trace_green1/ALIGNED_grader_trace_green1.json
8a3259910cb0cdaa2b51711e09db1b49ff0fa3ea15a7b1010aaa66019675bb19	514	a7_recovery/grader_20260909/attempts/trace_green1/logs/attempt_grader_trace_green1/COLLECTION.txt
752de7a3f91c6d18aacdc8141082e1ee7bbfa189e8bae482b1c6b6a63d521ed8	239	a7_recovery/grader_20260909/attempts/trace_green1/logs/attempt_grader_trace_green1/IDS_grader_trace_green1.txt
ec077cdf0b34de78bda22341f65de97c2ef046a9a7c76b97f9292f9f0c552916	9269	a7_recovery/grader_20260909/attempts/trace_green1/logs/attempt_grader_trace_green1/REGRESSION_grader_trace_green1.txt
7854e925b1c53da9f1dadc25efad7bd6788e21a10da25934c7050595378b42dc	30072	a7_recovery/grader_20260909/attempts/trace_green1/logs/attempt_grader_trace_green1/TRACE_FIXTURE_FREEZE.json
41cc7ff534babbe6e5a0835085fdac96631fb5f6e32350edbbbae3dff479ad94	53094	a7_recovery/grader_20260909/attempts/trace_green2/FREEZE.json
204e172c489421f0186c0bf503dcc2a37fea18462eb4914ef8009e1eec76c85f	3894	a7_recovery/grader_20260909/attempts/trace_green2/logs/attempt_grader_trace_green2/ALIGNED_grader_trace_green2.json
8a3259910cb0cdaa2b51711e09db1b49ff0fa3ea15a7b1010aaa66019675bb19	514	a7_recovery/grader_20260909/attempts/trace_green2/logs/attempt_grader_trace_green2/COLLECTION.txt
ccd886ff49a13483cf2ff3049d48cd6bb8e2c7d8e8f12a0c77f7d256f7cb5df8	77	a7_recovery/grader_20260909/attempts/trace_green2/logs/attempt_grader_trace_green2/IDS_grader_trace_green2.txt
1bb23fc76607a272cb87f53c4ee82272e530da84e86f8e8012a31c2b9b438274	3468	a7_recovery/grader_20260909/attempts/trace_green2/logs/attempt_grader_trace_green2/REGRESSION_grader_trace_green2.txt
7854e925b1c53da9f1dadc25efad7bd6788e21a10da25934c7050595378b42dc	30072	a7_recovery/grader_20260909/attempts/trace_green2/logs/attempt_grader_trace_green2/TRACE_FIXTURE_FREEZE.json
e880a0f698b4ec01108ed41cc12d96e176c7d605c7b61684c62668dc63248db8	53094	a7_recovery/grader_20260909/attempts/trace_green3/FREEZE.json
4447f26857965c1240a8d2376a88050cbb0a55d0bd7c8099c3a3ffabdec671b3	4236	a7_recovery/grader_20260909/attempts/trace_green3/logs/attempt_grader_trace_green3/ALIGNED_grader_trace_green3.json
ee898c25c3b182f50b23bb518008d38a3c3eee91bd24ad316bf7576e58b22959	20314	a7_recovery/grader_20260909/attempts/trace_green3/logs/attempt_grader_trace_green3/COLLECTION.txt
696a685fba70fc776a4505768757bb9406a3ee1e26a5aa4df7715350265457e3	165	a7_recovery/grader_20260909/attempts/trace_green3/logs/attempt_grader_trace_green3/IDS_grader_trace_green3.txt
1cf798433f06d16904812d770d8782eb9b48439f198d97dadc060daf0a0dd876	11492	a7_recovery/grader_20260909/attempts/trace_green3/logs/attempt_grader_trace_green3/REGRESSION_grader_trace_green3.txt
0c00767984bbcff083b7e33455270f12ba5860b9ffad562e50b956d17af23663	52686	a7_recovery/grader_20260909/attempts/trace_green4/FREEZE.json
a438c6c42d27c35112a6b51f9b9e34f833fb61c69c7e32ec44d4abdb53657bee	4287	a7_recovery/grader_20260909/attempts/trace_green4/logs/attempt_grader_trace_green4/ALIGNED_grader_trace_green4.json
8482875cac9486b07cbe9343a8597f03fedeea1f7080567e6061c0ab9a4cc5db	1790	a7_recovery/grader_20260909/attempts/trace_green4/logs/attempt_grader_trace_green4/COLLECTION.txt
5561fb254bef3813f20bd0d382bd8cbc9282324b0fa93ff6515e69322095b855	373	a7_recovery/grader_20260909/attempts/trace_green4/logs/attempt_grader_trace_green4/IDS_grader_trace_green4.txt
ad2042cbb994ea07e73d279df003f579911a87ed9a07e4ff1cee8aeaaee438a6	9512	a7_recovery/grader_20260909/attempts/trace_green4/logs/attempt_grader_trace_green4/REGRESSION_grader_trace_green4.txt
6f33ae35ec0fb7528b3d849043cc78241174eba66f852ab8393263faaf68363e	53040	a7_recovery/grader_20260909/attempts/trace_red/FREEZE.json
4ee5a89b0dd55a6b25b25b06e2a56dbd3476942f2ac6256b028851464150d011	53074	a7_recovery/grader_20260909/attempts/trace_red2/FREEZE.json
22d67a7136c4ff6b84d0bf0f5ffc6da667e7bdff0dfebb9d21f413ee2a9dc38e	3739	a7_recovery/grader_20260909/attempts/trace_red2/logs/attempt_grader_trace_red2/ALIGNED_grader_trace_red2.json
5cafa6ab4236fa11c6f8ea08e027944002bb9b5e34baa922e7255ddb44f8b089	275	a7_recovery/grader_20260909/attempts/trace_red2/logs/attempt_grader_trace_red2/COLLECTION.txt
fe55eac07c5031e3bec29e7464b7805e21166bedfad8d4aaa2636b10f4b4c2ab	231	a7_recovery/grader_20260909/attempts/trace_red2/logs/attempt_grader_trace_red2/IDS_grader_trace_red2.txt
5aef1bd089e0ec5e2f63b307e8b939e240168eb309ddf2a9c0c83c8e64aa1b37	16580	a7_recovery/grader_20260909/attempts/trace_red2/logs/attempt_grader_trace_red2/REGRESSION_grader_trace_red2.txt
28193baca8405e0125e5d7eb0d07cd15497b9f83ac95cc87ab0d323016acef7f	53074	a7_recovery/grader_20260909/attempts/trace_red3/FREEZE.json
2ce156f32c36af5b2b67e082b7b0391aec74c09d9798ad7ae3ec049af16dac60	3739	a7_recovery/grader_20260909/attempts/trace_red3/logs/attempt_grader_trace_red3/ALIGNED_grader_trace_red3.json
e44d2f2137522804267ae00b7ce60bc1fc9e49263771a28a76901851e1d4c5c3	275	a7_recovery/grader_20260909/attempts/trace_red3/logs/attempt_grader_trace_red3/COLLECTION.txt
fe55eac07c5031e3bec29e7464b7805e21166bedfad8d4aaa2636b10f4b4c2ab	231	a7_recovery/grader_20260909/attempts/trace_red3/logs/attempt_grader_trace_red3/IDS_grader_trace_red3.txt
3d1b31a52691ce65df1f7fa9e961744b1a7e6c53095b5c8b32bc2361fcd96843	17136	a7_recovery/grader_20260909/attempts/trace_red3/logs/attempt_grader_trace_red3/REGRESSION_grader_trace_red3.txt
31a3e6ed3089a7e02c7bebe0587d539df32d5e9c86881394ab7da8bc8c1e542d	30309	a7_recovery/grader_20260909/attempts/trace_red3/logs/attempt_grader_trace_red3/TRACE_FIXTURE_FREEZE.json
e908d0e6d337b74abde9edc1f112240f39a8b0f0affce1e72d887f47b6179494	53074	a7_recovery/grader_20260909/attempts/trace_red4/FREEZE.json
eb36c040e0e780b43f48fc6ecae5a08b6ec68b735dae3966590f763cc3652f24	3501	a7_recovery/grader_20260909/attempts/trace_red4/logs/attempt_grader_trace_red4/ALIGNED_grader_trace_red4.json
e44d2f2137522804267ae00b7ce60bc1fc9e49263771a28a76901851e1d4c5c3	275	a7_recovery/grader_20260909/attempts/trace_red4/logs/attempt_grader_trace_red4/COLLECTION.txt
cc2c1e4b169889b3f5775fde2bf2cf0d65f1c55413d30cc3b3bbafe9f6fafc8c	162	a7_recovery/grader_20260909/attempts/trace_red4/logs/attempt_grader_trace_red4/IDS_grader_trace_red4.txt
36a5bcb5e7cd09315e9c4fb15cedb5caf4b1b82489319d04c275b0c5fecffe37	5351	a7_recovery/grader_20260909/attempts/trace_red4/logs/attempt_grader_trace_red4/REGRESSION_grader_trace_red4.txt
7854e925b1c53da9f1dadc25efad7bd6788e21a10da25934c7050595378b42dc	30072	a7_recovery/grader_20260909/attempts/trace_red4/logs/attempt_grader_trace_red4/TRACE_FIXTURE_FREEZE.json
b46a2d4888ce19b0aa9d464743232717bd4afb6b2d526d2e819a13f4f6d4ce53	53074	a7_recovery/grader_20260909/attempts/trace_red5/FREEZE.json
ee2be04269667b83ecf0ce333a898b2deb9f6b1b9005049596b6f48c4228c95f	3761	a7_recovery/grader_20260909/attempts/trace_red5/logs/attempt_grader_trace_red5/ALIGNED_grader_trace_red5.json
a62581ef15799e3cb7a88432d7b5c12328bac0ba8c092d809569b3b906ebcd24	514	a7_recovery/grader_20260909/attempts/trace_red5/logs/attempt_grader_trace_red5/COLLECTION.txt
b4c0753a163534f5d1ea6180451fecc3ccc62e9773bd706f3284968579a85a0c	401	a7_recovery/grader_20260909/attempts/trace_red5/logs/attempt_grader_trace_red5/IDS_grader_trace_red5.txt
08957c3b9f4c6d0e0b670efdc3cc10442162f7abc5c6202625ee85824169f90b	11763	a7_recovery/grader_20260909/attempts/trace_red5/logs/attempt_grader_trace_red5/REGRESSION_grader_trace_red5.txt
7854e925b1c53da9f1dadc25efad7bd6788e21a10da25934c7050595378b42dc	30072	a7_recovery/grader_20260909/attempts/trace_red5/logs/attempt_grader_trace_red5/TRACE_FIXTURE_FREEZE.json
541328f30fa22f0e70ce17472ae2569276f88bf11d4d0051775318f669716470	449	a7_recovery/grader_20260909/exports/proposed1.exit.json
363ca772d8c57bfc7e0e5705b39575c73a9eda3e86eb15ad3448353808a8ee70	2453	a7_recovery/grader_20260909/exports/proposed1.stderr.txt
e3b0c44298fc1c149afbf4c8996fb92427ae41e4649b934ca495991b7852b855	0	a7_recovery/grader_20260909/exports/proposed1.stdout.json
93d973eb4649d355c6a191f3686614d14fc28e46cb62c3252c81e37b39112ace	449	a7_recovery/grader_20260909/exports/proposed2.exit.json
49a83a58bbdb606dea804fe804b68cf3f643569122fab053f58ab5e217ce0f0c	1005	a7_recovery/grader_20260909/exports/proposed2.stderr.txt
e3b0c44298fc1c149afbf4c8996fb92427ae41e4649b934ca495991b7852b855	0	a7_recovery/grader_20260909/exports/proposed2.stdout.json
50e5d578138347d40023f92bcfe8312cf32677984b446f339880bf9ba68b4259	449	a7_recovery/grader_20260909/exports/proposed3.exit.json
e3b0c44298fc1c149afbf4c8996fb92427ae41e4649b934ca495991b7852b855	0	a7_recovery/grader_20260909/exports/proposed3.stderr.txt
9710871bc84412c6f0501ba845be6e4f6f469089d4e9926897609ebc9ed5b60c	12298	a7_recovery/grader_20260909/exports/proposed3.stdout.json
8515d36bd2411916bc29ffaa575e0f0d1d6a61d027e0dba12ef71c0dc9f65957	449	a7_recovery/grader_20260909/exports/proposed4.exit.json
e3b0c44298fc1c149afbf4c8996fb92427ae41e4649b934ca495991b7852b855	0	a7_recovery/grader_20260909/exports/proposed4.stderr.txt
aef5a54493b3165ba0c0891c506f64dfd17cd03127cbf712816443eae39554f4	12100	a7_recovery/grader_20260909/exports/proposed4.stdout.json
d6ba161ee93029f2b51e2fd787012724b06b38c67bec62acc3d8283e3317c3dc	1645	a7_recovery/grader_20260909/external_regression.py
807e31460105f7de24fc7f7aaf17ca6cba44a64d9639748dc2a9526db884cfd8	3765	a7_recovery/grader_20260909/freeze_review.py
98055e556fdb0324c022f8f14db5ec463b4486914df48bda72b6c519e731e649	15417	a7_recovery/grader_20260909/harness_g1v3/a1_reader.py
c534022d391e409f48ae65a0ded6bbf7eb428d4a92a00407646cad77f8ef794a	2337	a7_recovery/grader_20260909/harness_g1v3/a2_runtime_freeze.json
bbcba73d587a2bc2e8fc34ce27ba555065b52d89480783b2440568cede19c4b2	27659	a7_recovery/grader_20260909/harness_g1v3/a6_launch_freeze.py
41787f40f584abc5cf622072e54dead4c31d3942876a7b2f83c017d17cb7a4a6	9119	a7_recovery/grader_20260909/harness_g1v3/a7_conservation.py
6b55ae7f03b941d1c4b4f5ee634bd427fea88c665a61aa06ab3717721149510d	112601	a7_recovery/grader_20260909/harness_g1v3/a7_g1_build.py
168bca80ed108c451145c09571a6f957d21e734304ba8531a6e60321f36fd5c2	20263	a7_recovery/grader_20260909/harness_g1v3/a7_g1_complete_v2.py
e2386da5f64260acdc7da1a1b44c40c3fcad5a624affd3755b01448ce32d0703	23237	a7_recovery/grader_20260909/harness_g1v3/a7_g1_workflow_gate.py
47af659b1e04ff9458cd2cc92d703dbeaaf2048112e8cf9ffcbcbde4dd49c82e	96643	a7_recovery/grader_20260909/harness_g1v3/a7_g23_build.py
33abdb564de370c3a368a85f0bddf8c4fbaef4adac6eeaae84988725ddcfaf15	24626	a7_recovery/grader_20260909/harness_g1v3/a7_g23_run.py
6ba1218c397191360ee4ea5705c26ce6d0ac6e3b7763baa716105f4d6c022235	12534	a7_recovery/grader_20260909/harness_g1v3/a7_key_correction.py
43dcbd35d95d31123741f77f81e41599497101807790649cf7b1167651130751	14965	a7_recovery/grader_20260909/harness_g1v3/a7_prepared_run.py
b9ed1546a16d8e41a9af25738846f9af76bbe3a53bb668658f1d0f356dddb438	19191	a7_recovery/grader_20260909/harness_g1v3/a7_reference_inventory.py
4addd2f2e4b79bb292a8291a9cfbbcfd1efdc3d637b172ef40e1909275aa9d4a	11850	a7_recovery/grader_20260909/harness_g1v3/a7_source_meta.py
53e6cba4cf4d243c1a6f7a95ff11776bfc45336cab3707ce8b0a219942d1c562	76232	a7_recovery/grader_20260909/harness_g1v3/audit_worker_access.py
8160bcd6246a38b7ebc9cdab1cbf31a8550fa6baec246228bfbd54eeba4a97b4	36880	a7_recovery/grader_20260909/harness_g1v3/build_a5_exp5_kit.py
ffbcab3d7c7cc4c461d6828608aa59ddcc21d7d4b12b41f9ed6420f27dc5ed2c	28938	a7_recovery/grader_20260909/harness_g1v3/build_exp5_contract.py
b78a733cac842ca68125904dd7d52b66580ff5b30740d2664dbf5810511bdf42	16006	a7_recovery/grader_20260909/harness_g1v3/build_final_lock.py
9d3644e0f1b316865188dfa21fd8d1650c73a8a426aa9137399139f209f26075	14165	a7_recovery/grader_20260909/harness_g1v3/build_final_lock_v2.py
ee03028747c662c319b238b05ed976d42427089ee1096c334b11d8b974f46825	109002	a7_recovery/grader_20260909/harness_g1v3/build_inventory_review.py
a0ab1138792ce2a7bfeded5b94f4b37f99c6562b003eace4494aa92098e68c05	186549	a7_recovery/grader_20260909/harness_g1v3/build_kfields_final.py
fb7c820d765565cc19722938caeb8f8f5e4bdefa9c19a0443c48398fda20113d	105827	a7_recovery/grader_20260909/harness_g1v3/build_kfields_final_targeted.py
7c5ac0ecac07b3f85f25cae9982f7921ee313405215bea42342a88def861c09e	57422	a7_recovery/grader_20260909/harness_g1v3/build_kfields_hard_review.py
b7a72cab000ff3d2d70d76daae2abb89c6973101d4283079f7b721f3cc6176f3	16514	a7_recovery/grader_20260909/harness_g1v3/build_kfields_hard_review_targeted.py
d4a0323a43ddd8e68487347652986dedf16a9ec2a277ca41d82a55db3d248ed4	33042	a7_recovery/grader_20260909/harness_g1v3/build_kfields_hr_correction.py
d879dd2b9325488a7985b966d53d5db7f065a1ae4a4a89dce480ed08c285ce12	5641	a7_recovery/grader_20260909/harness_g1v3/build_kfields_inputs.py
91862afd796cccb523f518ed75ab79383244aef6147ac1072068aa816e916000	88784	a7_recovery/grader_20260909/harness_g1v3/build_kfields_key.py
0c1f335077926603011ee78a9ca63315ad158147bcf714dac36f185b88ad6588	18720	a7_recovery/grader_20260909/harness_g1v3/build_kfields_key_targeted.py
fb327705f5703d344c413dff6c9f3ba1138cd0e8107898e08de43bdc87577567	64882	a7_recovery/grader_20260909/harness_g1v3/build_launch_manifest.py
5022c97789f6502c917f2266980075e13b7f00a0e76fc4fcfa42b0830e162d04	3326	a7_recovery/grader_20260909/harness_g1v3/conftest.py
d5830182899461c7a34f3eed3f3cc374a40412618f9c80e2047f029c6a933fb2	3029	a7_recovery/grader_20260909/harness_g1v3/decision_rules_1387.txt
b76a9de31fb24cda3736b99ad9919c82fc0cb6d439c0b78bab58974bd5b29625	1568	a7_recovery/grader_20260909/harness_g1v3/exp5_prompt_contract.manifest.json
c80f5c7f90fe3902f55f6a5e9c0bfaaa93454b1e31c2368e0938be4325fb005d	1586	a7_recovery/grader_20260909/harness_g1v3/exp5_prompt_contract.manifest.v3.json
a13289a8a135fe7f26beaeef1168a219496f197345063c963e677fa7fa452fef	23953	a7_recovery/grader_20260909/harness_g1v3/exp5_prompt_drafter.md
421613e2998cb29b4482507b2713bbf225dcd71bdbf61f7cf613871a4e25030c	24630	a7_recovery/grader_20260909/harness_g1v3/exp5_prompt_drafter.v3.md
060d7c492d8a8717b75d31e54a52b3bf9c91fb95d54afe1df2cd5e0d8b8792cc	25639	a7_recovery/grader_20260909/harness_g1v3/exp5_prompt_producer.md
b8bcbf0f4712218db1578cefbc3508e762b0db938c9fbf44996a98bc6e5f3f57	26521	a7_recovery/grader_20260909/harness_g1v3/exp5_prompt_producer.v3.md
c5211a1f8e96b053d0c7688b138bea7cb7e502bb4e6ffdc7456bf194a6f94359	97988	a7_recovery/grader_20260909/harness_g1v3/exp5_rev4_package.md
62a5c49ae71f323eff275e98ca60efaae18ca16ca6c15f447c10c9d5d8976154	98665	a7_recovery/grader_20260909/harness_g1v3/exp5_rev4_package.v3.md
bbdda84389bea3c8ae9667855f41f2b016d04f3ca2c9c663c9f56ec3b9420e34	12281	a7_recovery/grader_20260909/harness_g1v3/g1_fake_state.py
ff4c3a06cbd534796d29f755531880641cb173697151af70ac892b64ad12cf78	15142	a7_recovery/grader_20260909/harness_g1v3/key_lint.py
920742cf099fc56ed5773aee6d75e7e7ae180de949a96e2af420faa2f6135c2b	14359	a7_recovery/grader_20260909/harness_g1v3/kf_lint.py
bf9323bc3bdc75a45a7381ac97cf0d4e1403f8754f5ac419abe1136f589c3070	17994	a7_recovery/grader_20260909/harness_g1v3/launch_exp5_readers.manifest.json
dc9442f344b59fae521dd6a6f672f7f9d627e143e24920977415ff591c995494	65448	a7_recovery/grader_20260909/harness_g1v3/launch_kfields_a1.bundle.json
368bf01cb205ccad7e9af90355ab124af5aca5b9efe3f702311f1f4f836b121b	7340	a7_recovery/grader_20260909/harness_g1v3/launch_kfields_a1_slice.template.js
d65e4f877ebebfc22f51fb98c3af28ca24c3320772a73046cad90a8955133f28	1444527	a7_recovery/grader_20260909/harness_g1v3/launch_kfields_drafts.manifest.json
a925ba6ffce6ae14a47c942f5c660c626d13c1060910c2e79055680c7632dbca	3369	a7_recovery/grader_20260909/harness_g1v3/owner_rulings_1383.txt
4d51412261aa9a496ca9a0c85d62547152f841e05a2b6fc484aa66af9e07ba0a	94068	a7_recovery/grader_20260909/harness_g1v3/raw_transport.py
d5634c6991934a338ec6a236ff98e35cc0101e2ab67dd658cc32f3241be07ab3	3284	a7_recovery/grader_20260909/harness_g1v3/run_launcher_fake.mjs
10ccf5263f6bfe61639258530bc19f786b6701306142e039b8179a67c8ff6a2a	4126	a7_recovery/grader_20260909/harness_g1v3/run_reader_launcher_fake.mjs
806a7560002a14ed5f3a4c79a78d85be0fac8abf773f8fdf9457c3d902e8abd6	8104	a7_recovery/grader_20260909/harness_g1v3/scorers/grade_batch.js
dfe6b5ae3a215856d22ed1d15b49bbc2c1044e1352c046c1f1ae0da3391709c6	77364	a7_recovery/grader_20260909/harness_g1v3/scorers/score_exp5.py
6d0a02285162a079a81615db6ae64fddaa43acef64214315339c8d78bfd7f43e	82976	a7_recovery/grader_20260909/harness_g1v3/scorers/score_exp5_current.py
70f300e6b7fea73e1c9ed3c2537674e1c5929c44437de7bf05fcb4127937da82	5246	a7_recovery/grader_20260909/harness_g1v3/slice_menu_probe.py
b580b4cd0207bc8f86af6be88b18e5abcd4806cb2537e2e86e78c15dd9470ec0	18871	a7_recovery/grader_20260909/harness_g1v3/test_a1_invalid_response.py
84725b336b93b8204a9dd215740b10752cf2561115276078c37009b52a07e559	6532	a7_recovery/grader_20260909/harness_g1v3/test_a1_no_tools.py
1b70368af7b63ebecc2a9ef346da017b45b7b5c5db9492ffda9e5ab874991c6a	5769	a7_recovery/grader_20260909/harness_g1v3/test_a1_prompt_contract.py
a9930bd275118983c9364810f2560c95290ee354a8e10b2b1888119c0afaabc6	4852	a7_recovery/grader_20260909/harness_g1v3/test_a1_serial_transport.py
523ede2853e8ac4b3ffe857e5b7fbc6775200f70ab4af8a173a31a92e78f9e67	13610	a7_recovery/grader_20260909/harness_g1v3/test_a5_contract_1401.py
043dd796e63de10dae5ea826d4985000edaca45338351ace39c27ebb4a867635	5438	a7_recovery/grader_20260909/harness_g1v3/test_a5_corrected_inventory_1514.py
230494722c01b7501a3bff9fb2c8cbe53949faf05ba475f7328bb166a58da6c8	7773	a7_recovery/grader_20260909/harness_g1v3/test_a5_exp5_kit_1400.py
69330170ba6447d2eb30ff497a2cad9d016ae19e9762a03b14589f63eb1ade83	5278	a7_recovery/grader_20260909/harness_g1v3/test_a5_final_lock_1513.py
e089811180312bf3dde877ab1431633d7962a98422c75e2b38aa4714be519bc0	13047	a7_recovery/grader_20260909/harness_g1v3/test_a5_gate_1469.py
27da04d2d93c4058f4406789e231b42520ecb30555f1faf24f12dacbcdce5b61	7192	a7_recovery/grader_20260909/harness_g1v3/test_a5_launch_gate_1403.py
0125323ccb1b9601fa6ca2af9d7ed334080f36fcfc807371b7760cb7f2cb9a52	19029	a7_recovery/grader_20260909/harness_g1v3/test_a5_route_1406.py
fe5638d879e8dc8983e1ed2b5c3e788577ef4f03e9c911d0b9ee30e5dab3a316	5503	a7_recovery/grader_20260909/harness_g1v3/test_a6_final_lock_1515.py
02ba6fd084d1f60ffb28cef5f092d8994915f08937175e0ba1786b89b3816b2e	3181	a7_recovery/grader_20260909/harness_g1v3/test_a6_fixture_isolation_1768.py
039016566a82c9080ec6d2845ff971a71f7cbd3c52610066d98acee005ddc88a	779	a7_recovery/grader_20260909/harness_g1v3/test_a6_fixture_isolation_after_1768.py
83f7bc0387eea070b0ad310aaf21ca45b0c46b2e4063c5c5dc834bb483e7c1af	4869	a7_recovery/grader_20260909/harness_g1v3/test_a6_launch_freeze_1409.py
c967001e8758afcfa49d704d48ca9723fa23a564fc596fd227c32f12ee37d7be	2549	a7_recovery/grader_20260909/harness_g1v3/test_a6_locked_rows_1476.py
0df220f7926ec1ad9b4428abcbb3984cfc0af2ce0afef6368806424cfb74a053	8612	a7_recovery/grader_20260909/harness_g1v3/test_a7_cached_rows_1413.py
e2fa3ec1bde051f051c73944a8ee33a8f49526f8d4ccf9b7d7540ed456ded03c	16392	a7_recovery/grader_20260909/harness_g1v3/test_a7_closeout_integrity_1482.py
7d258f3ac00b7e93dbd8dd47cfd9d781917ada97c3f63bc164afe65119e4d1dd	58699	a7_recovery/grader_20260909/harness_g1v3/test_a7_corrections_1454.py
b3f5ac0e9b14f3b88ff12052bc859062eedd535f053a42162b16691dab734000	6826	a7_recovery/grader_20260909/harness_g1v3/test_a7_current_1473.py
b1943df231088f5e94d2cfa52c9e190f1d42b1c68fee5b305350334c760a7c14	4035	a7_recovery/grader_20260909/harness_g1v3/test_a7_current_postrun.py
c5ca982da6645d4f628d7eb45e9492cf4cac2473bfcec0edaa61617132c376e6	8898	a7_recovery/grader_20260909/harness_g1v3/test_a7_g1_precall_freeze_1525.py
7d4f912e6effccb0b69113a5f226244f22b2bdd8d73ffa1b5a6514658b6a419e	52735	a7_recovery/grader_20260909/harness_g1v3/test_a7_g23_lifecycle_1464.py
0bc92370f73b4a6a3c732b85c6b058d5daf27ff0839b40011d0faeea1a2a9af2	4756	a7_recovery/grader_20260909/harness_g1v3/test_a7_identity_relations.py
9ccb497eb5c1d526f44b71375903a6e4dd3aab418cee426dd4680d88cb44c28a	4758	a7_recovery/grader_20260909/harness_g1v3/test_a7_input_binding.py
929654fc4f68a9cf316410a8823807a06ec166449ab8902047428e820c37ba7a	3389	a7_recovery/grader_20260909/harness_g1v3/test_a7_interrupted_capture.py
3b30ea114a5426dff1c3562271dd9893e52efefb47ffe3e89c02ebae9b1b4fd7	10963	a7_recovery/grader_20260909/harness_g1v3/test_a7_postrun_identity_1521.py
91f33161b8f5b44991480971612a70717062d98d51114c4c34b717c1e6485d34	4972	a7_recovery/grader_20260909/harness_g1v3/test_a7_publication.py
30583d313fd1efcd727d39e2c74f1fb4306a32ebaf75c348ccece31923110b49	7910	a7_recovery/grader_20260909/harness_g1v3/test_a7_raw_binding_1483.py
49200330985f559077abddaf376e877eb59eefd0fbe5a4dad7a0ace3f0b44a19	19993	a7_recovery/grader_20260909/harness_g1v3/test_a7_runstates_1470.py
e615ed4e2e11783f84f43d13e4b5a0d004cc07478bb78939745efbea280309ad	10445	a7_recovery/grader_20260909/harness_g1v3/test_a7_score_boundaries.py
e979d08cfae26819a23184f290cf5052c3513fb2f7e94babcfb67d9b2f64cea0	15895	a7_recovery/grader_20260909/harness_g1v3/test_a7_source_correction_1487.py
c9aad34eaa3eca170b345602b9bd64b631f22052d8dc6ff5bff13d10572ef8a1	18012	a7_recovery/grader_20260909/harness_g1v3/test_a7_trace_1471.py
ce3ad4ab4c76ddb813cb6e3460d00e6259d303b8fa70bf39e0cf03478bfc5312	14565	a7_recovery/grader_20260909/harness_g1v3/test_g1_cached_resume_1781.py
0cf34ca93459e494878b6048a22f176df71e81db5b6869f228bb0264e7533318	17691	a7_recovery/grader_20260909/harness_g1v3/test_g1_declared_input_1792.py
ad2b35bc4c9d0dfbbe5a4b7433666d1bece9506c628b2d9eaf76a26c393782e8	414032	a7_recovery/grader_20260909/harness_g1v3/test_harness_guards.py
0b669decd55e430fb86271378db177a0b1c2525eaa6ec6455dfbb22d7fdce6e0	3279	a7_recovery/grader_20260909/harness_g1v3/v4_findings_1390.txt
11a086123f4081be6561839527625ed42773faa800226520f6b7e01d6d98a1d1	808	a7_recovery/grader_20260909/harness_g1v3/v5_findings_1394.txt
b9842d7db6d3454587fc6bda25ec9bec41c3183832010b2a3f6d5189dda43ef3	1557	a7_recovery/grader_20260909/harness_g1v3/v6_findings_1396.txt
2e7ad8f1da440c5c8c4c19da45746e1a24bfdc07fad907afdbd011a60f402165	9850	a7_recovery/grader_20260909/harness_g1v3/validate_benchmark_inventory.py
73e34df4a5301bbd6794a1b6a31bbe2523f99c10beef1f966866e3b642771ee7	4171	a7_recovery/grader_20260909/mutation_probe.py
f23ca5a03cdcb196f68bdcd765e6085325f7af91dcc5bb2133b86fbff885071b	8205	a7_recovery/grader_20260909/offline_path.py
50cfddfcf3e7a34c0956db900d109296b0ff0785e4619d81a0c93030095e98ea	12174	a7_recovery/grader_20260909/prepare.py
fb548160c975acf0071d59819c1245a768f64705f13968011e5b870d7d02f978	7573	a7_recovery/grader_20260909/regression.py
b88732dc23d5432e0dafcce5c2f5e5820349d04a22eaf8c7afd58b9e8cc71199	7598	a7_recovery/grader_20260909/verify_export.py
0ce326002aefa18189f4d230ad7f5585d52ca042de1b185acaaa016a0c0f8f2d	11097	a7_recovery/unit_1925/ledger/group_source_v1.py
9e87ac06af82b86bbf6657f60e97ff9e7ff46c98b80b368127e2fc81febac8ee	295	a7_recovery/unit_1957/evidence/TEST_replacement_lane_input_profiles.json
4529aa8068a80a46b0a1428667e4c7af83abae114bfe7cf9ff94e4b2bf2edbaa	4020	a7_recovery/unit_1957/ledger/run_1957.sh
cd35a90cce84f68f175a4493039dfaedbdf4f948351dd16b8fedf31ff67aa0fe	7175	a7_recovery/unit_1957/ledger/signer_1957.py
d04470fe3f5861a3ae0bdeab622334639330a6eed418ba8893e37ee47801d5f7	12328	a7_recovery/unit_1957/ledger/signer_lock_1957.py
f37d309b878505db7b585efc796911b0223581a20f366a0c6cc5c02669a2caa0	20365	a7_recovery/unit_1957/lock_owners/build_final_key_candidate.py
e95864edd0c0176934ed5b215ea76e1cb631babc1db3b5287520e5a87a42e8e8	17887	a7_recovery/unit_1957/lock_owners/build_final_key_lock.py
dd4e321d7009887da0813fda85badbfe78083f86c887c3283cd277126c48151d	11898	a7_recovery/unit_1957/lock_owners/check_final_key_candidate.py
ca05a4d642d8e6f1398353ca9340919bb2725c3a790a16fd459fc195b7bc355c	7635	a7_recovery/unit_1957/lock_owners/harvest_final_sign.py
870afe8d6041ee418662af551bc8d2287c8d865d9c9be21b72bd23cea59a7eac	27246	a7_recovery/unit_1957/lock_owners/signer_proof.py
9a271f2a916b0b6ee6cecb2426f0b3206ef074578be55d9bc94f6f3fe3ab86aa	2	a7_recovery/unit_1957/logs/attempt_codex_regression_1/exit
1d7397da6c94101cb48b74975bb06ccd91ce72e9ed2401733d5cfcc30127029d	288	a7_recovery/unit_1957/logs/attempt_codex_regression_1/owner.tsv
e3b0c44298fc1c149afbf4c8996fb92427ae41e4649b934ca495991b7852b855	0	a7_recovery/unit_1957/logs/attempt_codex_regression_1/stderr.txt
0e4b663d5e8b025f3fabedc6a2650effa200a34ba5b50f4a53ab31308570ca68	446	a7_recovery/unit_1957/logs/attempt_codex_regression_1/stdout.txt
9a271f2a916b0b6ee6cecb2426f0b3206ef074578be55d9bc94f6f3fe3ab86aa	2	a7_recovery/unit_1957/logs/attempt_grader_boundaries_all1/exit
c9d66fe23a49d26923be3ff912d7f1b89d5470cba1ac8af5e4314d5272109970	403	a7_recovery/unit_1957/logs/attempt_grader_boundaries_all1/owner.tsv
e3b0c44298fc1c149afbf4c8996fb92427ae41e4649b934ca495991b7852b855	0	a7_recovery/unit_1957/logs/attempt_grader_boundaries_all1/stderr.txt
9e76a484d698c9a72f10e16a966f1f697d83d4a9f2567e8177406226cd89b903	396	a7_recovery/unit_1957/logs/attempt_grader_boundaries_all1/stdout.txt
4355a46b19d348dc2f57c046f8ef63d4538ebb936000f3c9ee954a27460dd865	2	a7_recovery/unit_1957/logs/attempt_grader_boundaries_green/exit
6ca5330f688ffb1a2182b8c91482d6bd8836568aca030fc3172cd04c6b3fe54c	356	a7_recovery/unit_1957/logs/attempt_grader_boundaries_green/owner.tsv
e3b0c44298fc1c149afbf4c8996fb92427ae41e4649b934ca495991b7852b855	0	a7_recovery/unit_1957/logs/attempt_grader_boundaries_green/stderr.txt
85b874ef6723c481ce1d5605ed7de7c375a056cdb89a5012348ce74b90478eaf	406	a7_recovery/unit_1957/logs/attempt_grader_boundaries_green/stdout.txt
9a271f2a916b0b6ee6cecb2426f0b3206ef074578be55d9bc94f6f3fe3ab86aa	2	a7_recovery/unit_1957/logs/attempt_grader_boundaries_green2/exit
850d081038ced6bb620c91e83361a2cfd355b5e778971945d79bf01467db5623	360	a7_recovery/unit_1957/logs/attempt_grader_boundaries_green2/owner.tsv
e3b0c44298fc1c149afbf4c8996fb92427ae41e4649b934ca495991b7852b855	0	a7_recovery/unit_1957/logs/attempt_grader_boundaries_green2/stderr.txt
4c6c875e59a52cbd5f31e6f75cf0f96d97d2a365a3915a3fbe38f6f778f322cc	396	a7_recovery/unit_1957/logs/attempt_grader_boundaries_green2/stdout.txt
4355a46b19d348dc2f57c046f8ef63d4538ebb936000f3c9ee954a27460dd865	2	a7_recovery/unit_1957/logs/attempt_grader_boundaries_red/exit
b2a21ddad04fb66be689dbbff9115f84bc4dcb73e1a93d71868475550b48b391	348	a7_recovery/unit_1957/logs/attempt_grader_boundaries_red/owner.tsv
e3b0c44298fc1c149afbf4c8996fb92427ae41e4649b934ca495991b7852b855	0	a7_recovery/unit_1957/logs/attempt_grader_boundaries_red/stderr.txt
351e3e203520906a98a7e41a95c2f3433b9b76bd3c1f0ef6e121f7c0abfbb978	406	a7_recovery/unit_1957/logs/attempt_grader_boundaries_red/stdout.txt
4355a46b19d348dc2f57c046f8ef63d4538ebb936000f3c9ee954a27460dd865	2	a7_recovery/unit_1957/logs/attempt_grader_closure1/exit
032a9dd9bb01b74529bf831c9bb5d5fe974ede4cd5e2d0358a4bfa3398bfaffa	324	a7_recovery/unit_1957/logs/attempt_grader_closure1/owner.tsv
e3b0c44298fc1c149afbf4c8996fb92427ae41e4649b934ca495991b7852b855	0	a7_recovery/unit_1957/logs/attempt_grader_closure1/stderr.txt
e79dcee56bfe281077e1814f53841495dc3b331d7f8d820823b5b1f0cc23a2a0	430	a7_recovery/unit_1957/logs/attempt_grader_closure1/stdout.txt
4355a46b19d348dc2f57c046f8ef63d4538ebb936000f3c9ee954a27460dd865	2	a7_recovery/unit_1957/logs/attempt_grader_closure2/exit
9fbbfaffed956a0c12fd90d59fc660cffd0a5b23d60a64d6517022637533417b	324	a7_recovery/unit_1957/logs/attempt_grader_closure2/owner.tsv
e3b0c44298fc1c149afbf4c8996fb92427ae41e4649b934ca495991b7852b855	0	a7_recovery/unit_1957/logs/attempt_grader_closure2/stderr.txt
4a7b6f84113994538472aad703e5350fa603b9ed8ad3f56b033628c954a55806	421	a7_recovery/unit_1957/logs/attempt_grader_closure2/stdout.txt
4355a46b19d348dc2f57c046f8ef63d4538ebb936000f3c9ee954a27460dd865	2	a7_recovery/unit_1957/logs/attempt_grader_closure3/exit
6fd0cd90c3e39704e69ec28a3297c2dac68b4c13c300c1e5dd40a3e2650b4ee5	324	a7_recovery/unit_1957/logs/attempt_grader_closure3/owner.tsv
e3b0c44298fc1c149afbf4c8996fb92427ae41e4649b934ca495991b7852b855	0	a7_recovery/unit_1957/logs/attempt_grader_closure3/stderr.txt
ae077b0513ac83db7d5b8c6c1eca48c1696dc649a439e75733361227c270f0ed	418	a7_recovery/unit_1957/logs/attempt_grader_closure3/stdout.txt
4355a46b19d348dc2f57c046f8ef63d4538ebb936000f3c9ee954a27460dd865	2	a7_recovery/unit_1957/logs/attempt_grader_current_full1/exit
64f34c5455e3c9a6d9c7659fb87f8dd757a65197cb4ec08a37fc99bfc9638fc2	391	a7_recovery/unit_1957/logs/attempt_grader_current_full1/owner.tsv
e3b0c44298fc1c149afbf4c8996fb92427ae41e4649b934ca495991b7852b855	0	a7_recovery/unit_1957/logs/attempt_grader_current_full1/stderr.txt
75c734fdfb9ba77404bb616b4ac39a9d7955817767508cb36a87554f182fde1c	419	a7_recovery/unit_1957/logs/attempt_grader_current_full1/stdout.txt
4355a46b19d348dc2f57c046f8ef63d4538ebb936000f3c9ee954a27460dd865	2	a7_recovery/unit_1957/logs/attempt_grader_current_full2/exit
5045aacd718da4d5c053e66683b87dd61b12b105b8cc26806d30d0307623cb75	391	a7_recovery/unit_1957/logs/attempt_grader_current_full2/owner.tsv
e3b0c44298fc1c149afbf4c8996fb92427ae41e4649b934ca495991b7852b855	0	a7_recovery/unit_1957/logs/attempt_grader_current_full2/stderr.txt
a468a25bd1b5677d80a01938dc04558b5a2df9035592b0994439f2ef869e870a	420	a7_recovery/unit_1957/logs/attempt_grader_current_full2/stdout.txt
4355a46b19d348dc2f57c046f8ef63d4538ebb936000f3c9ee954a27460dd865	2	a7_recovery/unit_1957/logs/attempt_grader_current_port1/exit
568392ce04063f21a422e3ee5d67ccc25b8706bf3ea9c00f03a7cbe4cb8434cf	391	a7_recovery/unit_1957/logs/attempt_grader_current_port1/owner.tsv
e3b0c44298fc1c149afbf4c8996fb92427ae41e4649b934ca495991b7852b855	0	a7_recovery/unit_1957/logs/attempt_grader_current_port1/stderr.txt
5cac4b2d066ceb62788d36aad0843506e0bd4b9c33ab7fd226429dfe5859f110	419	a7_recovery/unit_1957/logs/attempt_grader_current_port1/stdout.txt
4355a46b19d348dc2f57c046f8ef63d4538ebb936000f3c9ee954a27460dd865	2	a7_recovery/unit_1957/logs/attempt_grader_current_port2/exit
e295771b0897a3903a6a8dfdda52338290de033f15aa639fb972e86404fa4fa8	391	a7_recovery/unit_1957/logs/attempt_grader_current_port2/owner.tsv
e3b0c44298fc1c149afbf4c8996fb92427ae41e4649b934ca495991b7852b855	0	a7_recovery/unit_1957/logs/attempt_grader_current_port2/stderr.txt
3060056229a7a685d3e79f8ec54c141ae74a3243edcae76689642e3ec2a4876b	407	a7_recovery/unit_1957/logs/attempt_grader_current_port2/stdout.txt
9a271f2a916b0b6ee6cecb2426f0b3206ef074578be55d9bc94f6f3fe3ab86aa	2	a7_recovery/unit_1957/logs/attempt_grader_final_owner_green/exit
0e37490b3ad6d313ec2372ef7b8fbcc2d70b397c91971bf0ca2567b9042d39c0	415	a7_recovery/unit_1957/logs/attempt_grader_final_owner_green/owner.tsv
e3b0c44298fc1c149afbf4c8996fb92427ae41e4649b934ca495991b7852b855	0	a7_recovery/unit_1957/logs/attempt_grader_final_owner_green/stderr.txt
5682e4c2df9a610934629fd085cb86bb82be2040da5195ff7225952496b7b777	396	a7_recovery/unit_1957/logs/attempt_grader_final_owner_green/stdout.txt
4355a46b19d348dc2f57c046f8ef63d4538ebb936000f3c9ee954a27460dd865	2	a7_recovery/unit_1957/logs/attempt_grader_final_owner_red/exit
0a2bd2a70a78c6ffcb77c8c0f96b9542f81b3b7855ff52faa17fc0b8bd9d2035	403	a7_recovery/unit_1957/logs/attempt_grader_final_owner_red/owner.tsv
e3b0c44298fc1c149afbf4c8996fb92427ae41e4649b934ca495991b7852b855	0	a7_recovery/unit_1957/logs/attempt_grader_final_owner_red/stderr.txt
ef4c0f6414043a81485a27344262c252614697f65f4377a917a7badb20b0b271	395	a7_recovery/unit_1957/logs/attempt_grader_final_owner_red/stdout.txt
4355a46b19d348dc2f57c046f8ef63d4538ebb936000f3c9ee954a27460dd865	2	a7_recovery/unit_1957/logs/attempt_grader_historical_key1/exit
a7f98f5b62d4540cd5145dccb04263e2c23f307a8ea291d972237cf461015255	426	a7_recovery/unit_1957/logs/attempt_grader_historical_key1/owner.tsv
c276b8671709b317b56ba8887c7538eea4e5f49d111bbd2a1dbbb5e33559d61d	5180	a7_recovery/unit_1957/logs/attempt_grader_historical_key1/stderr.txt
e3b0c44298fc1c149afbf4c8996fb92427ae41e4649b934ca495991b7852b855	0	a7_recovery/unit_1957/logs/attempt_grader_historical_key1/stdout.txt
4355a46b19d348dc2f57c046f8ef63d4538ebb936000f3c9ee954a27460dd865	2	a7_recovery/unit_1957/logs/attempt_grader_historical_probe/exit
9b450c8cc43d93e36f121057ed73bcb44d1261f5c032030156268040ad573f33	420	a7_recovery/unit_1957/logs/attempt_grader_historical_probe/owner.tsv
80eeaf772a99fbb64505f369b87a733f1dbfa6c5fb17d95708726f03a7b60e19	959	a7_recovery/unit_1957/logs/attempt_grader_historical_probe/stderr.txt
e3b0c44298fc1c149afbf4c8996fb92427ae41e4649b934ca495991b7852b855	0	a7_recovery/unit_1957/logs/attempt_grader_historical_probe/stdout.txt
4355a46b19d348dc2f57c046f8ef63d4538ebb936000f3c9ee954a27460dd865	2	a7_recovery/unit_1957/logs/attempt_grader_historical_probe2/exit
418415085a22859c4f36ae478865c5e6f89f098ca92bc1af96c1c04c1796134f	426	a7_recovery/unit_1957/logs/attempt_grader_historical_probe2/owner.tsv
6495ce6e509f999b0604d603c410d43685334dc46d3481d595d01feb0ea7fd83	501	a7_recovery/unit_1957/logs/attempt_grader_historical_probe2/stderr.txt
e3b0c44298fc1c149afbf4c8996fb92427ae41e4649b934ca495991b7852b855	0	a7_recovery/unit_1957/logs/attempt_grader_historical_probe2/stdout.txt
4355a46b19d348dc2f57c046f8ef63d4538ebb936000f3c9ee954a27460dd865	2	a7_recovery/unit_1957/logs/attempt_grader_historical_probe3/exit
7573271ec2580f43307af1a32a0e25767528b05903052382f6c832ee1f332548	426	a7_recovery/unit_1957/logs/attempt_grader_historical_probe3/owner.tsv
e3b0c44298fc1c149afbf4c8996fb92427ae41e4649b934ca495991b7852b855	0	a7_recovery/unit_1957/logs/attempt_grader_historical_probe3/stderr.txt
c3f2843e81ef1b217b40890a398fec83ac03a703c57898ea04afe4a5da5fe5f8	2341	a7_recovery/unit_1957/logs/attempt_grader_historical_probe3/stdout.txt
9a271f2a916b0b6ee6cecb2426f0b3206ef074578be55d9bc94f6f3fe3ab86aa	2	a7_recovery/unit_1957/logs/attempt_grader_identity_final1/exit
e879ea2f8efb772aa34095be0922fbe0ead81007f4ba4f01b5845b98c7d43399	402	a7_recovery/unit_1957/logs/attempt_grader_identity_final1/owner.tsv
e3b0c44298fc1c149afbf4c8996fb92427ae41e4649b934ca495991b7852b855	0	a7_recovery/unit_1957/logs/attempt_grader_identity_final1/stderr.txt
e1198fd1f93eedf24d386a629c053648db2b14433800a9f763d5eeb92d48abd7	397	a7_recovery/unit_1957/logs/attempt_grader_identity_final1/stdout.txt
9a271f2a916b0b6ee6cecb2426f0b3206ef074578be55d9bc94f6f3fe3ab86aa	2	a7_recovery/unit_1957/logs/attempt_grader_input_green1/exit
bf8b65c5116fbc98d0579baa367fbf562c9a9f56bd95db50206f2d660cde1a45	340	a7_recovery/unit_1957/logs/attempt_grader_input_green1/owner.tsv
e3b0c44298fc1c149afbf4c8996fb92427ae41e4649b934ca495991b7852b855	0	a7_recovery/unit_1957/logs/attempt_grader_input_green1/stderr.txt
2da558bf04593137cd144743db2f6f8e9d121dc5a9803b69b6946fc23da67173	406	a7_recovery/unit_1957/logs/attempt_grader_input_green1/stdout.txt
9a271f2a916b0b6ee6cecb2426f0b3206ef074578be55d9bc94f6f3fe3ab86aa	2	a7_recovery/unit_1957/logs/attempt_grader_lifecycle1/exit
0542aee4958f16ecdb8d8a4491d0604c5f2eeccbfedd1a18465b9544a5b005fe	333	a7_recovery/unit_1957/logs/attempt_grader_lifecycle1/owner.tsv
e3b0c44298fc1c149afbf4c8996fb92427ae41e4649b934ca495991b7852b855	0	a7_recovery/unit_1957/logs/attempt_grader_lifecycle1/stderr.txt
fb95850631c046b0704b7ef98ed23bcdf2ed49e87833e157448b84209ffbecff	397	a7_recovery/unit_1957/logs/attempt_grader_lifecycle1/stdout.txt
4355a46b19d348dc2f57c046f8ef63d4538ebb936000f3c9ee954a27460dd865	2	a7_recovery/unit_1957/logs/attempt_grader_mut_capture/exit
8df8d733994c6d2f02e282373c6a74cfe0fb8a42e5c00f5cbe2803a5d0b4ea48	386	a7_recovery/unit_1957/logs/attempt_grader_mut_capture/owner.tsv
e3b0c44298fc1c149afbf4c8996fb92427ae41e4649b934ca495991b7852b855	0	a7_recovery/unit_1957/logs/attempt_grader_mut_capture/stderr.txt
f9edbd8f74b6d5867010d181c26fcc6ea083b5a108a75b74605a87172ba96d29	9307	a7_recovery/unit_1957/logs/attempt_grader_mut_capture/stdout.txt
4355a46b19d348dc2f57c046f8ef63d4538ebb936000f3c9ee954a27460dd865	2	a7_recovery/unit_1957/logs/attempt_grader_mut_counts/exit
82ae65db8b986b9eb482f38cbcfc33719134f1704e9d0ea25064077e15db673b	380	a7_recovery/unit_1957/logs/attempt_grader_mut_counts/owner.tsv
e3b0c44298fc1c149afbf4c8996fb92427ae41e4649b934ca495991b7852b855	0	a7_recovery/unit_1957/logs/attempt_grader_mut_counts/stderr.txt
637621a2b62f4ef19ab48678283d1c3900b258a26bfae8d36beb35d4c8a2984b	1529	a7_recovery/unit_1957/logs/attempt_grader_mut_counts/stdout.txt
4355a46b19d348dc2f57c046f8ef63d4538ebb936000f3c9ee954a27460dd865	2	a7_recovery/unit_1957/logs/attempt_grader_mut_identity1/exit
7c9a104e120790d891031ba4880bb7ffba7d95b7eb239feb41d8a8ba117a9969	398	a7_recovery/unit_1957/logs/attempt_grader_mut_identity1/owner.tsv
e3b0c44298fc1c149afbf4c8996fb92427ae41e4649b934ca495991b7852b855	0	a7_recovery/unit_1957/logs/attempt_grader_mut_identity1/stderr.txt
47b7bafd314ad52aaac57736b645ccc0b9c7c1ca1b0312a72a31d0714db77c0c	241519	a7_recovery/unit_1957/logs/attempt_grader_mut_identity1/stdout.txt
4355a46b19d348dc2f57c046f8ef63d4538ebb936000f3c9ee954a27460dd865	2	a7_recovery/unit_1957/logs/attempt_grader_mut_inputs/exit
c2cbd4350023677a67da1291ec2c73280252154432d7ea6bc0c4ef867ea1964e	380	a7_recovery/unit_1957/logs/attempt_grader_mut_inputs/owner.tsv
e3b0c44298fc1c149afbf4c8996fb92427ae41e4649b934ca495991b7852b855	0	a7_recovery/unit_1957/logs/attempt_grader_mut_inputs/stderr.txt
456267d6fe652ebbe85118af35aad930ec16d999df9e63711f614fcea9fa6e14	5568	a7_recovery/unit_1957/logs/attempt_grader_mut_inputs/stdout.txt
4355a46b19d348dc2f57c046f8ef63d4538ebb936000f3c9ee954a27460dd865	2	a7_recovery/unit_1957/logs/attempt_grader_mut_owner/exit
7cd102bcdfb815613564b8fcc345b06453fd630099c11997150491755d700ea2	375	a7_recovery/unit_1957/logs/attempt_grader_mut_owner/owner.tsv
e3b0c44298fc1c149afbf4c8996fb92427ae41e4649b934ca495991b7852b855	0	a7_recovery/unit_1957/logs/attempt_grader_mut_owner/stderr.txt
419b472d579ec713051e56998e54e93adb2eb5abe2f964fa8d5a48241270e7ee	1764	a7_recovery/unit_1957/logs/attempt_grader_mut_owner/stdout.txt
4355a46b19d348dc2f57c046f8ef63d4538ebb936000f3c9ee954a27460dd865	2	a7_recovery/unit_1957/logs/attempt_grader_mut_publish/exit
96aa873dc037758864572465cd9de18f0b68fa4cf07a7cced6d6c15bfcd7e716	386	a7_recovery/unit_1957/logs/attempt_grader_mut_publish/owner.tsv
e3b0c44298fc1c149afbf4c8996fb92427ae41e4649b934ca495991b7852b855	0	a7_recovery/unit_1957/logs/attempt_grader_mut_publish/stderr.txt
82acceaec84d46b890bf7874941aa8a41ea031269b93595de003a91701c4ffba	6781	a7_recovery/unit_1957/logs/attempt_grader_mut_publish/stdout.txt
9a271f2a916b0b6ee6cecb2426f0b3206ef074578be55d9bc94f6f3fe3ab86aa	2	a7_recovery/unit_1957/logs/attempt_grader_mut_schedule/exit
57b22fe23fdb4e2939f6077d3ab6c4f2134fb9d55bff30b46c9691984bebf0ba	392	a7_recovery/unit_1957/logs/attempt_grader_mut_schedule/owner.tsv
e3b0c44298fc1c149afbf4c8996fb92427ae41e4649b934ca495991b7852b855	0	a7_recovery/unit_1957/logs/attempt_grader_mut_schedule/stderr.txt
81fb5a1fecf745736468462ecdd24c4369b03e3556e20331a60e58bda85c15ed	303	a7_recovery/unit_1957/logs/attempt_grader_mut_schedule/stdout.txt
4355a46b19d348dc2f57c046f8ef63d4538ebb936000f3c9ee954a27460dd865	2	a7_recovery/unit_1957/logs/attempt_grader_mut_schedule2/exit
25e7d3dd67535c8798b41ab67043bedc5f41dfa1139b9383ee494c4e17dbc9ff	398	a7_recovery/unit_1957/logs/attempt_grader_mut_schedule2/owner.tsv
e3b0c44298fc1c149afbf4c8996fb92427ae41e4649b934ca495991b7852b855	0	a7_recovery/unit_1957/logs/attempt_grader_mut_schedule2/stderr.txt
54bfa087bdfc310321d1ba256bb77081fd0ab894730eda8ae34a7266fc76cf06	1933	a7_recovery/unit_1957/logs/attempt_grader_mut_schedule2/stdout.txt
4355a46b19d348dc2f57c046f8ef63d4538ebb936000f3c9ee954a27460dd865	2	a7_recovery/unit_1957/logs/attempt_grader_mut_template/exit
7902b1027c80db0fb5eb45dbf66e1837331d17895d74d8bfcce6f8ccc9f81e7d	392	a7_recovery/unit_1957/logs/attempt_grader_mut_template/owner.tsv
e3b0c44298fc1c149afbf4c8996fb92427ae41e4649b934ca495991b7852b855	0	a7_recovery/unit_1957/logs/attempt_grader_mut_template/stderr.txt
dd9171b813903ec167951a5d356934d195f5e164b7d303a48738e1c04d083e60	1340	a7_recovery/unit_1957/logs/attempt_grader_mut_template/stdout.txt
4355a46b19d348dc2f57c046f8ef63d4538ebb936000f3c9ee954a27460dd865	2	a7_recovery/unit_1957/logs/attempt_grader_mutation1/exit
0f195c5e0744526516a64602959a0c5cd37e6a76311fec19b98820258c84c750	374	a7_recovery/unit_1957/logs/attempt_grader_mutation1/owner.tsv
e3b0c44298fc1c149afbf4c8996fb92427ae41e4649b934ca495991b7852b855	0	a7_recovery/unit_1957/logs/attempt_grader_mutation1/stderr.txt
e4e6de3f19f883bc1ff7597bfa7420142f1a3fb59d8db1b3a1fc49bbd8a8303c	2279	a7_recovery/unit_1957/logs/attempt_grader_mutation1/stdout.txt
9a271f2a916b0b6ee6cecb2426f0b3206ef074578be55d9bc94f6f3fe3ab86aa	2	a7_recovery/unit_1957/logs/attempt_grader_native_final1/exit
a8678c25ecb36a5eb5b8698a042963f3df46b36c2848dc29f0307e01250096af	391	a7_recovery/unit_1957/logs/attempt_grader_native_final1/owner.tsv
e3b0c44298fc1c149afbf4c8996fb92427ae41e4649b934ca495991b7852b855	0	a7_recovery/unit_1957/logs/attempt_grader_native_final1/stderr.txt
767017ec2165b0b37260ded87476197e3ead551150eac1252ad723111f9c920e	410	a7_recovery/unit_1957/logs/attempt_grader_native_final1/stdout.txt
9a271f2a916b0b6ee6cecb2426f0b3206ef074578be55d9bc94f6f3fe3ab86aa	2	a7_recovery/unit_1957/logs/attempt_grader_native_final2/exit
93af17c453e0a778e7d7e59c7f2e70b896b74d4597d5b66993946080901b158b	391	a7_recovery/unit_1957/logs/attempt_grader_native_final2/owner.tsv
e3b0c44298fc1c149afbf4c8996fb92427ae41e4649b934ca495991b7852b855	0	a7_recovery/unit_1957/logs/attempt_grader_native_final2/stderr.txt
c7760926fd0797b5dec109c77ef4e127ae90ed80005d540c5bb238e7f35d5107	410	a7_recovery/unit_1957/logs/attempt_grader_native_final2/stdout.txt
4355a46b19d348dc2f57c046f8ef63d4538ebb936000f3c9ee954a27460dd865	2	a7_recovery/unit_1957/logs/attempt_grader_native_final3/exit
5f5563cf80f3383524ad573c8f83faefaffd43b6e58c9dfedf2d01763114ba00	391	a7_recovery/unit_1957/logs/attempt_grader_native_final3/owner.tsv
e3b0c44298fc1c149afbf4c8996fb92427ae41e4649b934ca495991b7852b855	0	a7_recovery/unit_1957/logs/attempt_grader_native_final3/stderr.txt
03434e873b15279726bcb26ee2318194cb6120de988a6af906ae032f43d5afca	423	a7_recovery/unit_1957/logs/attempt_grader_native_final3/stdout.txt
9a271f2a916b0b6ee6cecb2426f0b3206ef074578be55d9bc94f6f3fe3ab86aa	2	a7_recovery/unit_1957/logs/attempt_grader_native_final4/exit
9f2ffda364d0090459a32516eb0142cf1dce094b9f2a021c19286641468d9d8c	391	a7_recovery/unit_1957/logs/attempt_grader_native_final4/owner.tsv
e3b0c44298fc1c149afbf4c8996fb92427ae41e4649b934ca495991b7852b855	0	a7_recovery/unit_1957/logs/attempt_grader_native_final4/stderr.txt
216cf59d0fbf55e6881045779067067f7e9179453d4510316b9ba0ef5304121f	410	a7_recovery/unit_1957/logs/attempt_grader_native_final4/stdout.txt
9a271f2a916b0b6ee6cecb2426f0b3206ef074578be55d9bc94f6f3fe3ab86aa	2	a7_recovery/unit_1957/logs/attempt_grader_native_final5/exit
1f1431c5a9a25be1bdab08dc08e67b685c8f92e3e445ae50453a554788c2b61b	391	a7_recovery/unit_1957/logs/attempt_grader_native_final5/owner.tsv
e3b0c44298fc1c149afbf4c8996fb92427ae41e4649b934ca495991b7852b855	0	a7_recovery/unit_1957/logs/attempt_grader_native_final5/stderr.txt
f1d268dbae537c69bfd7d166e2f0c5d4022e91a33b447838e65ec22632292409	410	a7_recovery/unit_1957/logs/attempt_grader_native_final5/stdout.txt
7de1555df0c2700329e815b93b32c571c3ea54dc967b89e81ab73b9972b72d1d	2	a7_recovery/unit_1957/logs/attempt_grader_native_focus3/exit
54a306760cdecc328f253bdba4a56a93411721f19f15f0281f0bb229976249b8	390	a7_recovery/unit_1957/logs/attempt_grader_native_focus3/owner.tsv
e3b0c44298fc1c149afbf4c8996fb92427ae41e4649b934ca495991b7852b855	0	a7_recovery/unit_1957/logs/attempt_grader_native_focus3/stderr.txt
3eb846cfd4600258f7c52589313c1c3e7abbc1e671b1f25aa32002b48c61eeeb	399	a7_recovery/unit_1957/logs/attempt_grader_native_focus3/stdout.txt
9a271f2a916b0b6ee6cecb2426f0b3206ef074578be55d9bc94f6f3fe3ab86aa	2	a7_recovery/unit_1957/logs/attempt_grader_native_focus4/exit
8d4111b6bd0713c4addee3f1c5c7eb8f2ca4ac8f3600a96cd1accaa7aac7bff9	390	a7_recovery/unit_1957/logs/attempt_grader_native_focus4/owner.tsv
e3b0c44298fc1c149afbf4c8996fb92427ae41e4649b934ca495991b7852b855	0	a7_recovery/unit_1957/logs/attempt_grader_native_focus4/stderr.txt
4d81bc9e6c92757b268253ebd18b6749d7954b5cff9eecb62f34012c3f8b017c	395	a7_recovery/unit_1957/logs/attempt_grader_native_focus4/stdout.txt
9a271f2a916b0b6ee6cecb2426f0b3206ef074578be55d9bc94f6f3fe3ab86aa	2	a7_recovery/unit_1957/logs/attempt_grader_ordinary_final2/exit
0793662fa4c066b12c6fa0e1e584d54b715063062c60a71e5e8b972c8348ed19	403	a7_recovery/unit_1957/logs/attempt_grader_ordinary_final2/owner.tsv
e3b0c44298fc1c149afbf4c8996fb92427ae41e4649b934ca495991b7852b855	0	a7_recovery/unit_1957/logs/attempt_grader_ordinary_final2/stderr.txt
1a5c66b3b417d63700906124b93b8f6711c17700f8dedc434edc87d3d1ffcd6a	433	a7_recovery/unit_1957/logs/attempt_grader_ordinary_final2/stdout.txt
9a271f2a916b0b6ee6cecb2426f0b3206ef074578be55d9bc94f6f3fe3ab86aa	2	a7_recovery/unit_1957/logs/attempt_grader_ordinary_final3/exit
4dc06e291cbfaf114acfed1e04a3e714d896e0d557147f7d57fe49f0f697243b	403	a7_recovery/unit_1957/logs/attempt_grader_ordinary_final3/owner.tsv
e3b0c44298fc1c149afbf4c8996fb92427ae41e4649b934ca495991b7852b855	0	a7_recovery/unit_1957/logs/attempt_grader_ordinary_final3/stderr.txt
4f51416b7f650b42b4aff9dfd4f2b8caed505e96db347860ca23a3a83e9989b9	433	a7_recovery/unit_1957/logs/attempt_grader_ordinary_final3/stdout.txt
9a271f2a916b0b6ee6cecb2426f0b3206ef074578be55d9bc94f6f3fe3ab86aa	2	a7_recovery/unit_1957/logs/attempt_grader_ordinary_final4/exit
9e09fa8922d50d29c090167d6143b417909bea37f143762cb3723d2032238ced	403	a7_recovery/unit_1957/logs/attempt_grader_ordinary_final4/owner.tsv
e3b0c44298fc1c149afbf4c8996fb92427ae41e4649b934ca495991b7852b855	0	a7_recovery/unit_1957/logs/attempt_grader_ordinary_final4/stderr.txt
d1500956d71c710923448300485440ed32dce8496b6fc00718eea5dd548dfbd6	433	a7_recovery/unit_1957/logs/attempt_grader_ordinary_final4/stdout.txt
4355a46b19d348dc2f57c046f8ef63d4538ebb936000f3c9ee954a27460dd865	2	a7_recovery/unit_1957/logs/attempt_grader_ordinary_focus3/exit
20d9aba1ab04aad55f765d18a7e8ffb2f5b8a2926b08004f01b46a85d6c6879a	402	a7_recovery/unit_1957/logs/attempt_grader_ordinary_focus3/owner.tsv
e3b0c44298fc1c149afbf4c8996fb92427ae41e4649b934ca495991b7852b855	0	a7_recovery/unit_1957/logs/attempt_grader_ordinary_focus3/stderr.txt
29ea7c547e410da617a9f00cb922e21e7879fdb0566ca882a2ef6e8bcb857c51	399	a7_recovery/unit_1957/logs/attempt_grader_ordinary_focus3/stdout.txt
4355a46b19d348dc2f57c046f8ef63d4538ebb936000f3c9ee954a27460dd865	2	a7_recovery/unit_1957/logs/attempt_grader_ordinary_focus4/exit
1416c53d34446fd2da8e8f565170608b170865d6a2119c04257e97226721c08c	402	a7_recovery/unit_1957/logs/attempt_grader_ordinary_focus4/owner.tsv
e3b0c44298fc1c149afbf4c8996fb92427ae41e4649b934ca495991b7852b855	0	a7_recovery/unit_1957/logs/attempt_grader_ordinary_focus4/stderr.txt
9982947beb7f21323356ace287e351eaa9f3f0938357d0392e16231acca1bced	406	a7_recovery/unit_1957/logs/attempt_grader_ordinary_focus4/stdout.txt
9a271f2a916b0b6ee6cecb2426f0b3206ef074578be55d9bc94f6f3fe3ab86aa	2	a7_recovery/unit_1957/logs/attempt_grader_ordinary_focus5/exit
c9199a8168f15e6b92aba959cf7624774b16e339f171e218195bab79dbd64c1d	402	a7_recovery/unit_1957/logs/attempt_grader_ordinary_focus5/owner.tsv
e3b0c44298fc1c149afbf4c8996fb92427ae41e4649b934ca495991b7852b855	0	a7_recovery/unit_1957/logs/attempt_grader_ordinary_focus5/stderr.txt
78d8135b2294b5bf18100bde0b5fb35a9fc022c54392cc8792941ea013da3bbc	395	a7_recovery/unit_1957/logs/attempt_grader_ordinary_focus5/stdout.txt
4355a46b19d348dc2f57c046f8ef63d4538ebb936000f3c9ee954a27460dd865	2	a7_recovery/unit_1957/logs/attempt_grader_ordinary_full1/exit
4943dcaaa34be68d6124d3e19d66af3fce809ae87929beb5f48eec07eb59b009	349	a7_recovery/unit_1957/logs/attempt_grader_ordinary_full1/owner.tsv
e3b0c44298fc1c149afbf4c8996fb92427ae41e4649b934ca495991b7852b855	0	a7_recovery/unit_1957/logs/attempt_grader_ordinary_full1/stderr.txt
3398850ce2bdae9185e00f8a82621dfdade25496c3a84da16589c3172731ebf9	457	a7_recovery/unit_1957/logs/attempt_grader_ordinary_full1/stdout.txt
4355a46b19d348dc2f57c046f8ef63d4538ebb936000f3c9ee954a27460dd865	2	a7_recovery/unit_1957/logs/attempt_grader_ordinary_full2/exit
98a959260edae5ebf92db5efc19d896dcf06c50e0ec129690ffc8854b6ff2a01	397	a7_recovery/unit_1957/logs/attempt_grader_ordinary_full2/owner.tsv
e3b0c44298fc1c149afbf4c8996fb92427ae41e4649b934ca495991b7852b855	0	a7_recovery/unit_1957/logs/attempt_grader_ordinary_full2/stderr.txt
a71ee384b19eefb44b6e13ad142ce87082f996d83491ecc6a462a03c749b9bb3	443	a7_recovery/unit_1957/logs/attempt_grader_ordinary_full2/stdout.txt
4355a46b19d348dc2f57c046f8ef63d4538ebb936000f3c9ee954a27460dd865	2	a7_recovery/unit_1957/logs/attempt_grader_ordinary_recheck2/exit
44b0730938fcdbefc832debb0f8c15c43f7af796622bb16134208d46312fe6cb	415	a7_recovery/unit_1957/logs/attempt_grader_ordinary_recheck2/owner.tsv
e3b0c44298fc1c149afbf4c8996fb92427ae41e4649b934ca495991b7852b855	0	a7_recovery/unit_1957/logs/attempt_grader_ordinary_recheck2/stderr.txt
57f408cec1c628da0818b8dc79f1ea8f7d8435831725ac2fcd01158b08dbcf74	408	a7_recovery/unit_1957/logs/attempt_grader_ordinary_recheck2/stdout.txt
4355a46b19d348dc2f57c046f8ef63d4538ebb936000f3c9ee954a27460dd865	2	a7_recovery/unit_1957/logs/attempt_grader_path1/exit
6334f6a03b1ee25c9e50efc871674c44e71d3460cc3d4efd573112411da09646	316	a7_recovery/unit_1957/logs/attempt_grader_path1/owner.tsv
8e85b27632b8435bf2bda899bc84f2f90d9eec6636ea67bce0dcd542b2055cc6	5765	a7_recovery/unit_1957/logs/attempt_grader_path1/stderr.txt
5985eed769e8a8aa52d9199416f99058f724887a33e93d0d12825692a01c57bc	205	a7_recovery/unit_1957/logs/attempt_grader_path1/stdout.txt
4355a46b19d348dc2f57c046f8ef63d4538ebb936000f3c9ee954a27460dd865	2	a7_recovery/unit_1957/logs/attempt_grader_path4/exit
b1045ba78e1f14f6ccea40a65fddb2ec9bd648f823ca28688b83d1720b229e8e	316	a7_recovery/unit_1957/logs/attempt_grader_path4/owner.tsv
8ff99c740bde3a33eb3baa06717720b4559b9ef3894869c1da1d0b0fcbe1b4cf	3747	a7_recovery/unit_1957/logs/attempt_grader_path4/stderr.txt
df83f7d310bbeb656c5f3b911011f608c115a6b60efcc9158a8a5a0f575d170c	205	a7_recovery/unit_1957/logs/attempt_grader_path4/stdout.txt
4355a46b19d348dc2f57c046f8ef63d4538ebb936000f3c9ee954a27460dd865	2	a7_recovery/unit_1957/logs/attempt_grader_path5/exit
48de609f9d0a24a947d2187842b654a341ee9bb47e0fc29b0227a8a9d0624ff9	316	a7_recovery/unit_1957/logs/attempt_grader_path5/owner.tsv
e514cdb22054558c1f1cdce1020f2d4d74985aaf180c98977cabe32f3761fd1c	332	a7_recovery/unit_1957/logs/attempt_grader_path5/stderr.txt
356d7868a2a350193d9bff46487d091870e275dba7ba79bdf207228c596e0910	307	a7_recovery/unit_1957/logs/attempt_grader_path5/stdout.txt
4355a46b19d348dc2f57c046f8ef63d4538ebb936000f3c9ee954a27460dd865	2	a7_recovery/unit_1957/logs/attempt_grader_path6/exit
68ea519bb7eec75167ed097282db0bf0c96f132cf4931000f65ee6791293454d	316	a7_recovery/unit_1957/logs/attempt_grader_path6/owner.tsv
4572a19b294762fd11fd0a4206cd1f142841a24b4d85a02afc8e9557dee6e2af	332	a7_recovery/unit_1957/logs/attempt_grader_path6/stderr.txt
356d7868a2a350193d9bff46487d091870e275dba7ba79bdf207228c596e0910	307	a7_recovery/unit_1957/logs/attempt_grader_path6/stdout.txt
9a271f2a916b0b6ee6cecb2426f0b3206ef074578be55d9bc94f6f3fe3ab86aa	2	a7_recovery/unit_1957/logs/attempt_grader_path7/exit
9602c6a26c684ad22723929a9cc622d1b218736fb00ef0f9664bc5c02deef530	316	a7_recovery/unit_1957/logs/attempt_grader_path7/owner.tsv
e3b0c44298fc1c149afbf4c8996fb92427ae41e4649b934ca495991b7852b855	0	a7_recovery/unit_1957/logs/attempt_grader_path7/stderr.txt
2d2e0a73c4b3a8e10d866d609531b5c79ed85dd9fb3f80e245bbf2d3b6024ca3	470	a7_recovery/unit_1957/logs/attempt_grader_path7/stdout.txt
9a271f2a916b0b6ee6cecb2426f0b3206ef074578be55d9bc94f6f3fe3ab86aa	2	a7_recovery/unit_1957/logs/attempt_grader_path_final1/exit
ed7008f58773f16fcc1c2a263878e3500498fb129520da52d98bbf412a8ec914	383	a7_recovery/unit_1957/logs/attempt_grader_path_final1/owner.tsv
e3b0c44298fc1c149afbf4c8996fb92427ae41e4649b934ca495991b7852b855	0	a7_recovery/unit_1957/logs/attempt_grader_path_final1/stderr.txt
2d2e0a73c4b3a8e10d866d609531b5c79ed85dd9fb3f80e245bbf2d3b6024ca3	470	a7_recovery/unit_1957/logs/attempt_grader_path_final1/stdout.txt
9a271f2a916b0b6ee6cecb2426f0b3206ef074578be55d9bc94f6f3fe3ab86aa	2	a7_recovery/unit_1957/logs/attempt_grader_path_final2/exit
e5043a591b70784a0c21e54fdec1a7274b3f1f7cb3cf8fb95385c9a069b2f58a	383	a7_recovery/unit_1957/logs/attempt_grader_path_final2/owner.tsv
e3b0c44298fc1c149afbf4c8996fb92427ae41e4649b934ca495991b7852b855	0	a7_recovery/unit_1957/logs/attempt_grader_path_final2/stderr.txt
2d2e0a73c4b3a8e10d866d609531b5c79ed85dd9fb3f80e245bbf2d3b6024ca3	470	a7_recovery/unit_1957/logs/attempt_grader_path_final2/stdout.txt
9a271f2a916b0b6ee6cecb2426f0b3206ef074578be55d9bc94f6f3fe3ab86aa	2	a7_recovery/unit_1957/logs/attempt_grader_path_final3/exit
49ebc6f4e7b9c0579d37853afdef6423a3c481cd88794ad23c85f17e760e6cdc	382	a7_recovery/unit_1957/logs/attempt_grader_path_final3/owner.tsv
e3b0c44298fc1c149afbf4c8996fb92427ae41e4649b934ca495991b7852b855	0	a7_recovery/unit_1957/logs/attempt_grader_path_final3/stderr.txt
2d2e0a73c4b3a8e10d866d609531b5c79ed85dd9fb3f80e245bbf2d3b6024ca3	470	a7_recovery/unit_1957/logs/attempt_grader_path_final3/stdout.txt
9a271f2a916b0b6ee6cecb2426f0b3206ef074578be55d9bc94f6f3fe3ab86aa	2	a7_recovery/unit_1957/logs/attempt_grader_path_final5/exit
38a266889c2e1de8871d213fe3c1c74dff6e31fd761b1ce10e5809816d0c0240	383	a7_recovery/unit_1957/logs/attempt_grader_path_final5/owner.tsv
e3b0c44298fc1c149afbf4c8996fb92427ae41e4649b934ca495991b7852b855	0	a7_recovery/unit_1957/logs/attempt_grader_path_final5/stderr.txt
2d2e0a73c4b3a8e10d866d609531b5c79ed85dd9fb3f80e245bbf2d3b6024ca3	470	a7_recovery/unit_1957/logs/attempt_grader_path_final5/stdout.txt
9a271f2a916b0b6ee6cecb2426f0b3206ef074578be55d9bc94f6f3fe3ab86aa	2	a7_recovery/unit_1957/logs/attempt_grader_publication_green1/exit
8f523549edabd0a7dbbfee3c7ba8396e0da214af5fcb7759b0b2b99e128c9362	364	a7_recovery/unit_1957/logs/attempt_grader_publication_green1/owner.tsv
e3b0c44298fc1c149afbf4c8996fb92427ae41e4649b934ca495991b7852b855	0	a7_recovery/unit_1957/logs/attempt_grader_publication_green1/stderr.txt
ae85f6c892abf70405eb929fb649dc3ff4644ab84577900f5d96cef969da9893	397	a7_recovery/unit_1957/logs/attempt_grader_publication_green1/stdout.txt
4355a46b19d348dc2f57c046f8ef63d4538ebb936000f3c9ee954a27460dd865	2	a7_recovery/unit_1957/logs/attempt_grader_publication_red/exit
ffc6837154e87e1314f834e8c0f600b06cae3d4de7fa52dec7ceaf6cc49ae563	352	a7_recovery/unit_1957/logs/attempt_grader_publication_red/owner.tsv
e3b0c44298fc1c149afbf4c8996fb92427ae41e4649b934ca495991b7852b855	0	a7_recovery/unit_1957/logs/attempt_grader_publication_red/stderr.txt
3e730c587d1f895cc8e2ead98e3b723cd26cadb67a5b9e1ad12487d94132e235	408	a7_recovery/unit_1957/logs/attempt_grader_publication_red/stdout.txt
4355a46b19d348dc2f57c046f8ef63d4538ebb936000f3c9ee954a27460dd865	2	a7_recovery/unit_1957/logs/attempt_grader_scorer_full1/exit
2321ab25321d14c56044acecde21403cd3288be2548c94182c65937d8f8e465e	385	a7_recovery/unit_1957/logs/attempt_grader_scorer_full1/owner.tsv
e3b0c44298fc1c149afbf4c8996fb92427ae41e4649b934ca495991b7852b855	0	a7_recovery/unit_1957/logs/attempt_grader_scorer_full1/stderr.txt
04e1743aa7aa3befd3eb74536dd13f6269defb2ac45fbb2bbc2d262c0a7e89e0	430	a7_recovery/unit_1957/logs/attempt_grader_scorer_full1/stdout.txt
9a271f2a916b0b6ee6cecb2426f0b3206ef074578be55d9bc94f6f3fe3ab86aa	2	a7_recovery/unit_1957/logs/attempt_grader_source_final1/exit
01fe708dea59ac1e982fddadbf4cf4c48eb463370f183959a742a1fca6f8c064	395	a7_recovery/unit_1957/logs/attempt_grader_source_final1/owner.tsv
e3b0c44298fc1c149afbf4c8996fb92427ae41e4649b934ca495991b7852b855	0	a7_recovery/unit_1957/logs/attempt_grader_source_final1/stderr.txt
1648fa5e0b92f33543485c8498a41fc1292a0bb73e2a95996841e54aca62ddbb	1137	a7_recovery/unit_1957/logs/attempt_grader_source_final1/stdout.txt
9a271f2a916b0b6ee6cecb2426f0b3206ef074578be55d9bc94f6f3fe3ab86aa	2	a7_recovery/unit_1957/logs/attempt_grader_source_final2/exit
4b4f63f985765166d6f1c5ad65f6b513997f2eafdfe0961ed418b2917c760d41	395	a7_recovery/unit_1957/logs/attempt_grader_source_final2/owner.tsv
e3b0c44298fc1c149afbf4c8996fb92427ae41e4649b934ca495991b7852b855	0	a7_recovery/unit_1957/logs/attempt_grader_source_final2/stderr.txt
7663cbe8e848137f0bc95f1453f24bebaea5cc89218333ae3cef3725b151f124	1137	a7_recovery/unit_1957/logs/attempt_grader_source_final2/stdout.txt
4355a46b19d348dc2f57c046f8ef63d4538ebb936000f3c9ee954a27460dd865	2	a7_recovery/unit_1957/logs/attempt_grader_trace_green1/exit
e6fbc25b1be153d0e85de7da57b6ec17a890959cf426867bc8f1b98ab2fb777e	340	a7_recovery/unit_1957/logs/attempt_grader_trace_green1/owner.tsv
e3b0c44298fc1c149afbf4c8996fb92427ae41e4649b934ca495991b7852b855	0	a7_recovery/unit_1957/logs/attempt_grader_trace_green1/stderr.txt
3ade694591ddcc4264f2ccd39b18a1184ae418168e1e01953a2696b9d67f116e	404	a7_recovery/unit_1957/logs/attempt_grader_trace_green1/stdout.txt
4355a46b19d348dc2f57c046f8ef63d4538ebb936000f3c9ee954a27460dd865	2	a7_recovery/unit_1957/logs/attempt_grader_trace_green2/exit
fa184425ae9c1fa3de80ccdc2e9ff4c62948405fb9d47b0d976cafdec6523d0c	340	a7_recovery/unit_1957/logs/attempt_grader_trace_green2/owner.tsv
e3b0c44298fc1c149afbf4c8996fb92427ae41e4649b934ca495991b7852b855	0	a7_recovery/unit_1957/logs/attempt_grader_trace_green2/stderr.txt
d2b2918bc5e86b11d2c8562720271f3fe52f69a0905f164b5836dd823b365687	404	a7_recovery/unit_1957/logs/attempt_grader_trace_green2/stdout.txt
4355a46b19d348dc2f57c046f8ef63d4538ebb936000f3c9ee954a27460dd865	2	a7_recovery/unit_1957/logs/attempt_grader_trace_green3/exit
14f5df578e088a46e055b069e71888798a49ea08d7c66cd694e74ef59339de0d	340	a7_recovery/unit_1957/logs/attempt_grader_trace_green3/owner.tsv
e3b0c44298fc1c149afbf4c8996fb92427ae41e4649b934ca495991b7852b855	0	a7_recovery/unit_1957/logs/attempt_grader_trace_green3/stderr.txt
098a9c485085f55becf7bb3ba0e38ebf745a7cdb8f96311d1f5d2d58f8f3c81b	419	a7_recovery/unit_1957/logs/attempt_grader_trace_green3/stdout.txt
4355a46b19d348dc2f57c046f8ef63d4538ebb936000f3c9ee954a27460dd865	2	a7_recovery/unit_1957/logs/attempt_grader_trace_green4/exit
01c9d15efc4a91a2aec1c46b79c59d6c1cb4693749e781bf78b56dc101f885c1	340	a7_recovery/unit_1957/logs/attempt_grader_trace_green4/owner.tsv
e3b0c44298fc1c149afbf4c8996fb92427ae41e4649b934ca495991b7852b855	0	a7_recovery/unit_1957/logs/attempt_grader_trace_green4/stderr.txt
50e3b81c22649a05795ac85c0086452038a3e01486ac68a8aa417842b1ef26be	416	a7_recovery/unit_1957/logs/attempt_grader_trace_green4/stdout.txt
4355a46b19d348dc2f57c046f8ef63d4538ebb936000f3c9ee954a27460dd865	2	a7_recovery/unit_1957/logs/attempt_grader_trace_red/exit
fcd06e357efa66f9f53bfec6148b0b14569bbdb88daf8b64fe7f6fdd9b7e6a66	328	a7_recovery/unit_1957/logs/attempt_grader_trace_red/owner.tsv
5c664eb7ef3596fe063eb7108689e507706010925b645b8378ab7a5a030c7b93	933	a7_recovery/unit_1957/logs/attempt_grader_trace_red/stderr.txt
e3b0c44298fc1c149afbf4c8996fb92427ae41e4649b934ca495991b7852b855	0	a7_recovery/unit_1957/logs/attempt_grader_trace_red/stdout.txt
4355a46b19d348dc2f57c046f8ef63d4538ebb936000f3c9ee954a27460dd865	2	a7_recovery/unit_1957/logs/attempt_grader_trace_red2/exit
916c424a5255dde7235fe8f55c27b8978741e7064cc458a7e636ebcc99876ca9	332	a7_recovery/unit_1957/logs/attempt_grader_trace_red2/owner.tsv
e3b0c44298fc1c149afbf4c8996fb92427ae41e4649b934ca495991b7852b855	0	a7_recovery/unit_1957/logs/attempt_grader_trace_red2/stderr.txt
860320ea8505c7661b7e7a7e99e5c4668b59047cea422992557eff8aa5f10573	404	a7_recovery/unit_1957/logs/attempt_grader_trace_red2/stdout.txt
4355a46b19d348dc2f57c046f8ef63d4538ebb936000f3c9ee954a27460dd865	2	a7_recovery/unit_1957/logs/attempt_grader_trace_red3/exit
1b8022da5913b08d292ff2f45ef623dd6d04bb7094e6693c4cf1b8a34f8de136	332	a7_recovery/unit_1957/logs/attempt_grader_trace_red3/owner.tsv
e3b0c44298fc1c149afbf4c8996fb92427ae41e4649b934ca495991b7852b855	0	a7_recovery/unit_1957/logs/attempt_grader_trace_red3/stderr.txt
1547f2a1dd844bbac1542d875632163b9828ae4d6473a89d2d264613142ab27e	404	a7_recovery/unit_1957/logs/attempt_grader_trace_red3/stdout.txt
4355a46b19d348dc2f57c046f8ef63d4538ebb936000f3c9ee954a27460dd865	2	a7_recovery/unit_1957/logs/attempt_grader_trace_red4/exit
ca24f18e439c15d62c3a00f6939199ba4f1c1efb9641ac2c70c44a064e21dd48	332	a7_recovery/unit_1957/logs/attempt_grader_trace_red4/owner.tsv
e3b0c44298fc1c149afbf4c8996fb92427ae41e4649b934ca495991b7852b855	0	a7_recovery/unit_1957/logs/attempt_grader_trace_red4/stderr.txt
9bc4c55ba87209ee1e2b2407be2ab770904ed4f4d64b9357ac17f8555aeab4df	404	a7_recovery/unit_1957/logs/attempt_grader_trace_red4/stdout.txt
4355a46b19d348dc2f57c046f8ef63d4538ebb936000f3c9ee954a27460dd865	2	a7_recovery/unit_1957/logs/attempt_grader_trace_red5/exit
636b3c8b40c060290ec1df614e21949ada0d7c6e2978c15a849116d965718008	332	a7_recovery/unit_1957/logs/attempt_grader_trace_red5/owner.tsv
e3b0c44298fc1c149afbf4c8996fb92427ae41e4649b934ca495991b7852b855	0	a7_recovery/unit_1957/logs/attempt_grader_trace_red5/stderr.txt
d3114fc4ee264e06d7f5e96b931672c23155aa307536b213bd820e6d45e19271	404	a7_recovery/unit_1957/logs/attempt_grader_trace_red5/stdout.txt
0967bee15e1b572825b5550bfa62b8d118701ca5bd93b12b930da0088f3c04aa	1453	a7_recovery/unit_1957/logs/attempt_signA/COMPACT_signA.json
9a271f2a916b0b6ee6cecb2426f0b3206ef074578be55d9bc94f6f3fe3ab86aa	2	a7_recovery/unit_1957/logs/attempt_signA/exit
1aaae4a1611b8fa7adbbcb9e8b8b6ccd2f766650d429859d88de43e11c650532	245	a7_recovery/unit_1957/logs/attempt_signA/owner.tsv
e3b0c44298fc1c149afbf4c8996fb92427ae41e4649b934ca495991b7852b855	0	a7_recovery/unit_1957/logs/attempt_signA/stderr.txt
ca5f030992049d0d2d03ddaaedbe2c91e942e4dfc7144080ac8b9134fe08140e	2467	a7_recovery/unit_1957/logs/attempt_signA/stdout.txt
1fe077917120bcf3567cde986c9bb799e26f1ed22852f686f4b1ab4cf62a1fdd	1226	a7_recovery/unit_1957/logs/attempt_signB/COMPACT_signB.json
4355a46b19d348dc2f57c046f8ef63d4538ebb936000f3c9ee954a27460dd865	2	a7_recovery/unit_1957/logs/attempt_signB/exit
71ac011e823142ac3bfac0b26f7293b26965959e8c5088926949220f57226608	245	a7_recovery/unit_1957/logs/attempt_signB/owner.tsv
e3b0c44298fc1c149afbf4c8996fb92427ae41e4649b934ca495991b7852b855	0	a7_recovery/unit_1957/logs/attempt_signB/stderr.txt
3ed59fecaccca4e827fe23f4ed9c5288b95e9ce3f4047d2f2397970fdf1f4a78	469	a7_recovery/unit_1957/logs/attempt_signB/stdout.txt
4071f400f0526f48d90a4342699a6eeb934993b3f2cdcb9a044fbe89d3869282	1505	a7_recovery/unit_1957/logs/attempt_signC/COMPACT_signC.json
9a271f2a916b0b6ee6cecb2426f0b3206ef074578be55d9bc94f6f3fe3ab86aa	2	a7_recovery/unit_1957/logs/attempt_signC/exit
ff378e792db8fa65f65917de26b350ee4fd7f8b12c2e56dc5de6b1cb63a0ec02	245	a7_recovery/unit_1957/logs/attempt_signC/owner.tsv
e3b0c44298fc1c149afbf4c8996fb92427ae41e4649b934ca495991b7852b855	0	a7_recovery/unit_1957/logs/attempt_signC/stderr.txt
59af283eecf44b794f69d9246e7521bc3effb41880d00568f1417af49043232c	2467	a7_recovery/unit_1957/logs/attempt_signC/stdout.txt
3cbf79369cc713c16d5ec95386ae9cee340c860d10725125fd27b7051ca0f3bf	29442	a7_recovery/unit_1957/map_1957_cand.tsv
badc8ba6d148c39f89ee7c08a7851e4c07640d4aa4737245d9eb3728191a1a6a	30078	a7_recovery/unit_1957/map_1957_test.tsv
a5f8106a046c3c79812710825e1b6e0bb63d212fce0fcc0d5d63e77453ea630b	31556	a7_recovery/unit_1957/map_codex_grader_boundaries_all1.tsv
3b4cd8ed0ab63fec57d9f74859f8482672fa4aacf0f116fe6c3fc8a3ba3f6d66	31322	a7_recovery/unit_1957/map_codex_grader_boundaries_green.tsv
2b9766cc37ae81c3ec11617485577a20b298defa79d2adcbc2c9f884ea91d931	31331	a7_recovery/unit_1957/map_codex_grader_boundaries_green2.tsv
10f20438ce283976b73b12a00016023fc9c418500cbf9470d20bfc2128dfe88e	31304	a7_recovery/unit_1957/map_codex_grader_boundaries_red.tsv
45015644191ef01897c94a12bc57e40fed81a1bc510518b5dc1d9550ec4eb4b2	29551	a7_recovery/unit_1957/map_codex_grader_closure1.tsv
b17275e750133430cf89eb0a3a97c06c5ff0f69f61c8ebc0a5539623b6905476	29717	a7_recovery/unit_1957/map_codex_grader_closure2.tsv
fee9226c7da3fd33e7c135584e77c51653da431ff72241c5470253c9d3f6bc63	30021	a7_recovery/unit_1957/map_codex_grader_closure3.tsv
a64f3a612dcd981145278325fd33d85db4cf0e740b0e1e8a1ab40ce3cc286bd2	31295	a7_recovery/unit_1957/map_codex_grader_current_full1.tsv
7bfafb44db4566c57677bd8f1dd22c9b2caeeb7a4348e233368b6ec5506b05fd	31536	a7_recovery/unit_1957/map_codex_grader_current_full2.tsv
444017b095c45a69cf48635fd33ad4ca9c6c2b74cbb69b4b25889e0e54b0e0f8	32840	a7_recovery/unit_1957/map_codex_grader_current_port1.tsv
d7d2f09b21df910c68d867286ede1aa61c143084e2bbee9f0c003de90a2acac6	31536	a7_recovery/unit_1957/map_codex_grader_current_port2.tsv
4f5297f9ec55905b978d8e34b85ccae6fe3fed374ff186053dbedc6733ad2eb9	31956	a7_recovery/unit_1957/map_codex_grader_final_owner_green.tsv
c7866b6f35f4fc89c083e89331404f5154625f9df3df8c9a1aed91d414f23536	31932	a7_recovery/unit_1957/map_codex_grader_final_owner_red.tsv
e3f305b35abdc9acc252feac277575ad9e409d86fc55c007af9e6366fd67a606	31932	a7_recovery/unit_1957/map_codex_grader_historical_key1.tsv
6ea12b8bce4793248b5afe98fa2a1b9a243a7de55b9be43b937bdc2516db7d36	31943	a7_recovery/unit_1957/map_codex_grader_historical_probe.tsv
ddf59fd92eba45a420185c2abcfa895f66e0a530e8b3efe6f5d2f180419ad50b	31956	a7_recovery/unit_1957/map_codex_grader_historical_probe2.tsv
4c1bdb4d51ff1c83bd745ff8dbfc2ae2c0c35e9f9bb38d340805b8f49de74157	31956	a7_recovery/unit_1957/map_codex_grader_historical_probe3.tsv
a6deb8cf65c8c49703e71b2cf77dc07ef57b6c16d942160790973f4edd61712c	31556	a7_recovery/unit_1957/map_codex_grader_identity_final1.tsv
71fef7e6fc951c4445206a3fed418f7b86bd7ba3605aeed8409689de1ec9c739	31286	a7_recovery/unit_1957/map_codex_grader_input_green1.tsv
457196410750d4edb9ed3cb094101eb105fc068afdaaa851d5a956df272e43a5	31268	a7_recovery/unit_1957/map_codex_grader_lifecycle1.tsv
b86b6403145d355ddea5bac3c8cd555290ee96d2ebee754c3d1ae84224028793	31277	a7_recovery/unit_1957/map_codex_grader_mut_capture.tsv
0733b2f259245e0556e1859a582b6df38951e6c9aab01a54c7f6b5c35852209e	31268	a7_recovery/unit_1957/map_codex_grader_mut_counts.tsv
39bb247a6d9799947b5cb2063c14c027a8d5ecc40d2e807322726efcaab3333e	31536	a7_recovery/unit_1957/map_codex_grader_mut_identity1.tsv
a503787b69f4187f47a2094d23f620a155a6d8e2087bce0e07e2c3c909956fd9	31268	a7_recovery/unit_1957/map_codex_grader_mut_inputs.tsv
880b1407ea3c8a12d64543b1e9ab867cebd1f09384a3761a2d434253b7df917b	31860	a7_recovery/unit_1957/map_codex_grader_mut_owner.tsv
7be43393137886ee29360a9f69097cf5192c932c0543095a39d9537bb39253c8	31277	a7_recovery/unit_1957/map_codex_grader_mut_publish.tsv
a99c864a4829c4536d09bf33d23956d9adb377afdc224cc38cdc8ea91898a48e	31286	a7_recovery/unit_1957/map_codex_grader_mut_schedule.tsv
7feb401eb9a6e6455862977f71efdc58db1fd2b4e6da7f4428e4da8b98a3f8e7	31536	a7_recovery/unit_1957/map_codex_grader_mut_schedule2.tsv
3f1026f83f42be40a298a67f2f38111026fc41f0b8b0937b8ed62124df6b48e9	31286	a7_recovery/unit_1957/map_codex_grader_mut_template.tsv
b6a61e53d86093b852fde7d4fcbfbdfefb72411e885bcdc5c462f0775b97855a	31259	a7_recovery/unit_1957/map_codex_grader_mutation1.tsv
7753aa061aabc56b10925aa34736b496c0bc26deaba6dea22602f76433004158	31536	a7_recovery/unit_1957/map_codex_grader_native_final1.tsv
853bdb2cb45bcc9385c9df63201cb3afb2958902dc4aaf042179877b78621237	31536	a7_recovery/unit_1957/map_codex_grader_native_final2.tsv
27cf7e4a6379c836359db954d3f7536ff7cec5df05b2d5ffa56790aa3a172949	31536	a7_recovery/unit_1957/map_codex_grader_native_final3.tsv
944512987af550d59c4c2ff96ab19f69668f181bc3a6f67ecf637cd0711af6b5	31536	a7_recovery/unit_1957/map_codex_grader_native_final4.tsv
20829825bbe8d665d9973b53c443f157fd711a50be580766bee858376487da2f	31536	a7_recovery/unit_1957/map_codex_grader_native_final5.tsv
bb78b91f2918fa036f330216451bc52f18d58fbfe849c953168d55eee79ee4fd	31536	a7_recovery/unit_1957/map_codex_grader_native_focus3.tsv
a41d407065a23fea0af8130e40c9678a3c0f7bc43b382640d9a27f93c2f90ad0	31536	a7_recovery/unit_1957/map_codex_grader_native_focus4.tsv
fb09eb4b79ee3a8b5f1ad15e7e46062ddae1bd5cef6ab6b1f0f2f2d42bd71fa1	31932	a7_recovery/unit_1957/map_codex_grader_ordinary_final1.tsv
4ed519cd141e83a91c2f57a02f01f3c94e00db95da02693db0af15ebed58c411	31932	a7_recovery/unit_1957/map_codex_grader_ordinary_final2.tsv
bcd3f66aeb8d3a296871621c6f32648a136a7469bb3f576824a9def3d630580b	31932	a7_recovery/unit_1957/map_codex_grader_ordinary_final3.tsv
b64af6f73e679817ad103db6f56573f55ac6b23799530b59953c9746f5457200	31932	a7_recovery/unit_1957/map_codex_grader_ordinary_final4.tsv
eb787fc063cbcffefa05783f0158eff0acc958cecacf95c211239f79ec53d583	31932	a7_recovery/unit_1957/map_codex_grader_ordinary_focus3.tsv
6b73db22fbb10750a67475d5dd32e406186caf226b74a5c1ccd1b2dd3ecaa96b	31932	a7_recovery/unit_1957/map_codex_grader_ordinary_focus4.tsv
c5076623e2d69aee7a0f5142e066563f3c971c5795d9084d2af68579c5e82e4f	31932	a7_recovery/unit_1957/map_codex_grader_ordinary_focus5.tsv
8046627437e1c7fab0d1822e0ef75cc4679bc21a369c198e878f75f26fa6eeec	30374	a7_recovery/unit_1957/map_codex_grader_ordinary_full1.tsv
df765b81642b07a1fac052871930c69e71962892a86ea3d601250ae8e66bbbb0	31920	a7_recovery/unit_1957/map_codex_grader_ordinary_full2.tsv
98743e53768502f1e1a36b9082f0282c875e83835add19538a0a6cfda84c89f1	31956	a7_recovery/unit_1957/map_codex_grader_ordinary_recheck2.tsv
10c371fb5fec6ce1a6cea9645fd19d7f9984142de530d31decd843d2b52a9096	29721	a7_recovery/unit_1957/map_codex_grader_path1.tsv
87a735db7f105aaef3bfe4dfef7c5f82122a035e5a0b85b8f48c89215c2c9572	30371	a7_recovery/unit_1957/map_codex_grader_path2.tsv
9ed3d948dea5ff004aadd8087c1d7e6c0968ebcd1797ce04214303b2e521e986	30371	a7_recovery/unit_1957/map_codex_grader_path3.tsv
3bad6d91c993d7b26c3501b5847834a35b022a530102913ac10393eaa9d326c5	30371	a7_recovery/unit_1957/map_codex_grader_path4.tsv
46d9e07daf205762212adafd0e3cceae8c73c2a485b5f869b501aa10be1d97ce	30720	a7_recovery/unit_1957/map_codex_grader_path5.tsv
d865ad605c6e5314acf7cac66a3adf843b674f0691a394579d390bfd76aa2db7	30720	a7_recovery/unit_1957/map_codex_grader_path6.tsv
292d9eb2d4031bf2872b75d6d6c1613e1ad87f6cb010ced1141949805f5abf82	30720	a7_recovery/unit_1957/map_codex_grader_path7.tsv
a1d1596bb47f381b6679b063d955548427ca58e2957875ad803e0138e24c8ccf	31277	a7_recovery/unit_1957/map_codex_grader_path_final1.tsv
94b26d6785740978f8b4e95f8882ea25e7c6cda0bdd90f2ef5a8df2bd32cf448	31277	a7_recovery/unit_1957/map_codex_grader_path_final2.tsv
e2b575fd1f7f8dafa4115c6e8e731457ee44f9fe25792c0659170e7f62bb6b7d	31277	a7_recovery/unit_1957/map_codex_grader_path_final3.tsv
7f75e79081f22573f822f51af79d79cafea4e1b743da269f60350fdf677249df	31058	a7_recovery/unit_1957/map_codex_grader_path_final4.tsv
8fd3e954b9fdba19b0d8badc12852ce9d852976a537803a4949cb1f588955a66	31058	a7_recovery/unit_1957/map_codex_grader_path_final5.tsv
71441d82f83aa17923e30e24b54ddd42e38b2a10ffcc70d5177b0e14229ca166	31340	a7_recovery/unit_1957/map_codex_grader_publication_green1.tsv
5f28e1527a9af4f0f39cf1eaaf91bb55b4e35c46caed1463bcd31d056788e93e	31313	a7_recovery/unit_1957/map_codex_grader_publication_red.tsv
24d4d8c0d5046b9dc872a1fd7cdddaf2303cb4744cb405da1c5a7703354172f1	31896	a7_recovery/unit_1957/map_codex_grader_scorer_full1.tsv
118b79a6450dfc53535c435013934c1f45b165460269889d4513cd42026e26fd	30563	a7_recovery/unit_1957/map_codex_grader_source_final1.tsv
93fbb98dcb5ddcdcbe8ab781367176a88b45cdf582c9727a647067285082a0d8	30563	a7_recovery/unit_1957/map_codex_grader_source_final2.tsv
8375c73c81e953b66d9cd5770d20e3b355a060d0e073de285ffb7668c4833c5b	31517	a7_recovery/unit_1957/map_codex_grader_trace_green1.tsv
560638b5eea13510ca95c5b281176ad394da6111012ccbe582d6ff0ffa7a908b	31517	a7_recovery/unit_1957/map_codex_grader_trace_green2.tsv
671e2c4deaec7b87995c39f8b8871fc9b6b265486edda654e5549bb7dd4f4d64	31517	a7_recovery/unit_1957/map_codex_grader_trace_green3.tsv
04a5df2066d3c832f06285d6fc87a5b2f86793c5bc38eaa3194b9709e5580def	31286	a7_recovery/unit_1957/map_codex_grader_trace_green4.tsv
38e35c0d1c7ff29172ed3320d0bed9658b817530b1cb5f665ebbf54b208dc3b0	31466	a7_recovery/unit_1957/map_codex_grader_trace_red.tsv
27b7ae6e0d4923de9e985ed8e0ff093c7a8808655fe2771446e9900cc2c457f4	31499	a7_recovery/unit_1957/map_codex_grader_trace_red2.tsv
492ecc424164e93b2e9ac6163bee9a100456a0a5b73f037e842a86d0752e190f	31499	a7_recovery/unit_1957/map_codex_grader_trace_red3.tsv
61b40f38ccef114a2c9391b812cd12f21c24965b47d941e77fef212c2ad4fe5f	31499	a7_recovery/unit_1957/map_codex_grader_trace_red4.tsv
77c4f473915356343cd320be28e5b4cbe974c39e1ea01a84c47d54032eb6f3d4	31499	a7_recovery/unit_1957/map_codex_grader_trace_red5.tsv
